SMILES,pIC50
O=C(NCCCN1C(C)=CN=C1)N(CC2CCCC2)C3=CC=C(OCCN4CCOCC4)C(OC)=C3,10
O=C(NCCCN1C(C)=CN=C1)N(CC2CCCC2)C3=CC=C(OCCN4CCNCC4)C(OC)=C3,9.337242168
S=C(NCCCN1C(C)=CN=C1)N(C2=CC=C(OCCCCC3=CC(N)=NC=C3)C(OC)=C2)C4CCCC4,9.301029996
S=C(NCCCN1C(C)=CN=C1)N(C2=CC=C(OCCCCC3=CC(N)=NC=C3)C(OC)=C2)C4CCCCC4,9.22184875
S=C(NCCCN1C(C)=CN=C1)NC2=CC=C(OCCN3CCNCC3)C(OC)=C2,9.15490196
O=C(NCCCN1C(C)=CN=C1)N(C2CCN(C)CC2)C3=CC=C(OCCCCN(C)C)C(OC)=C3,9.148741651
S=C(NCCCN1C(C)=CN=C1)N(C2=CC=C(OCCCCC3=CC(N)=NC=C3)C(OC)=C2)C4CCC4,9.096910013
O=C(NCCCN1C=NC=C1C)N(CC2=CC=CC=C2)C3=CC=C(OCCCCC4=CC=NC(N)=C4)C(OC)=C3,9
O=C(NCCCN1C(C)=CN=C1)N(CC2CCCC2)C3=CC=C(OCCN4CCN(C)CC4)C(OC)=C3,9
COC1=CC=C(N(CC2=CC=C(F)C=C2)C(NCCCN3C=NC=C3C)=S)C=C1OC,8.886056648
O=C(NCCCN1C(C)=CN=C1)N(C2CCCCC2)C3=CC=C(OCCN4CCN(C)CC4)C(OC)=C3,8.886056648
S=C(NCCCN1C(C)=CN=C1)N(C2=CC=C(OCCCCC3=CC(N)=NC=C3)C(OC)=C2)C(C)C,8.853871964
O=C(NCCCN1C=NC=C1C)N(CC2=CC=C(F)C=C2)C3=CC=C(OCCN4CCNCC4)C(OC)=C3,8.853871964
O=C(NCCCN1C(C)=CN=C1)N(C2CCCCC2)C3=CC=C(OCCN4CCNCC4)C(OC)=C3,8.823908741
COC1=CC=C(N(CCCCC2=CC=NC(NCCN)=C2)C(NCCCN3C=NC=C3C)=O)C=C1OC,8.795880017
O=C(NCCCN1C=NC=C1C)N(CC2=CC=C(F)C=C2)C3=CC=C(OCCC4=CC=NC(N)=C4)C(OC)=C3,8.795880017
O=C(NCCCN1C(C)=CN=C1)N(C2CCN(C)CC2)C3=CC=C(OCCN4CCNCC4)C(OC)=C3,8.795880017
O=C(NCCCN1C(C)=CN=C1)N(C2CCCCC2)C3=CC=C(OCCC4=CC=NC(N)=C4)C(OC)=C3,8.769551079
S=C(NCCCN1C(C)=CN=C1)NC2=CC=C(OCCCCC3=CC(NCCN)=NC=C3)C(OC)=C2,8.744727495
O=C(NCCCN1C(C)=CN=C1)N(C2CCN(C)CC2)C3=CC=C(OCCN4CCN(C)CC4)C(OC)=C3,8.744727495
O=C(NCCCN1C(C)=CN=C1)N(C(C)C)C2=CC=C(OCCN3CCN(C)CC3)C(OC)=C2,8.585026652
O=C(NCCCN1C=NC=C1C)N(CC2=CC=C(F)C=C2)C3=CC=C(OCCN4CCOCC4)C(OC)=C3,8.585026652
O=C(NCCCN1C(C)=CN=C1)N(C2CCCCC2)C3=CC=C(OCCCN(C)C)C(OC)=C3,8.568636236
COC1=CC=C(N(C(C)C)C(NCCCN2C=NC=C2C)=S)C=C1OC,8.552841969
O=C(NCCCN1C(C)=CN=C1)N(C2CCN(C)CC2)C3=CC=C(OCCCCC4=CC(N)=NC=C4)C(OC)=C3,8.552841969
O=C(NCCCN1C=NC=C1C)N(CC2=CN=CC=C2)C3=CC=C(OCCN4CCN(C)CC4)C(OC)=C3,8.494850022
COC1=CC(N(CC2=CC(F)=CC=C2)C(NCCCN3C=NC=C3C)=S)=CC=C1OC,8.468521083
O=C(NCCCN1C(C)=CN=C1)N(CC2CCCC2)C3=CC=C(OCCCCC4=CC(N)=NC=C4)C(OC)=C3,8.468521083
O=C(NCCCC1=CC(N=CN2)=C2C=C1)N(CC3=CC=C(F)C=C3)C4=CC=C(OCCCCC5=CC=NC(N)=C5)C(OC)=C4,8.468521083
COC1=CC=C(N(C(NCCCN2C=NC=C2C)=S)CC3=CC=CC(Cl)=C3)C=C1OC,8.455931956
O=C(NCCCN1C=NC=C1C)N(CC2=CC=C(F)C=C2)C3=CC=C(OCCN4CCN(C)CC4)C(OC)=C3,8.455931956
S=C(NCCCN1C(C)=CN=C1)NC2=CC=C(OCCN3CCN(CCOCCN)CC3)C(OC)=C2,8.443697499
COC1=CC=C(N(CCCCC2=CC=NC(N)=C2)C(NCCCN3C=NC=C3C)=O)C=C1OC,8.443697499
O=C(NCCCN1C(C)=CN=C1)N(C2CCCCC2)C3=CC=C(OCCCCC4=CC(N)=NC=C4)C(OC)=C3,8.443697499
CC1=CN=CN1CCCNC(NC2=CC(OC)=C(OCCCCN(C)C)C=C2)=S,8.431798276
S=C(NCCCN1C(C)=CN=C1)NC2=CC=C(OCCCN3CCN(CCN)CC3)C(OC)=C2,8.420216403
O=C(NCCCN1C(C)=CN=C1)N(C2CCN(C)CC2)C3=CC=C(OCCC4=CC=NC(N)=C4)C(OC)=C3,8.420216403
O=C(NCCCN1C=NC=C1C)N(CC2=CN=CC=C2)C3=CC=C(OCCN4CCNCC4)C(OC)=C3,8.420216403
COC1=CC=C(N(CC2=CC=C(F)C=C2)C(NCCCN3C=NC=C3C)=O)C=C1OC,8.408935393
O=C(NCCCN1C(C)=CN=C1)N(C2=CC=CC=C2)C3=CC=C(OCCN4CCNCC4)C(OC)=C3,8.408935393
O=C(NCCCC1=CC(N=CN2)=C2C=C1)N(C3CCCCC3)C4=CC=C(OCCCCC5=CC=NC(N)=C5)C(OC)=C4,8.397940009
O=C(N(C/1C2=CC(C=CN3)=C3C=C2)C4=CC(N=CN5)=C5C=C4)NC1=N\C,8.397940009
O=C(N(C/1C2=CC=C(N3CCCC3)C=C2)C4=CC(N=CN5)=C5C=C4)NC1=N/C6CCCC6,8.397940009
O=C(N(C/1C2=CC=CC=C2C(F)(F)F)C3=CC(N=CN4)=C4C=C3)NC1=N/C(C)C(C)(C)C,8.397940009
S=C(N(C/1C2=CC=C(SC)C=C2)C3=CC(N=CN4)=C4C=C3)NC1=N\CN5C6=CC=CC=C6N=N5,8.397940009
O=C(N(C/1C2=CC3=NSN=C3C=C2)C4=CC(N=CN5)=C5C=C4)NC1=N\CCCN6CCCC6=O,8.397940009
O=C(N(C/1C2=CC=C(Cl)C=C2)C3=CC(N=CN4)=C4C=C3)NC1=N\CC5=CC=CC=C5,8.397940009
O=C(N(C/1C2=CC(C=CN3)=C3C=C2)C4=CC(N=CN5)=C5C=C4)NC1=N\CCCN6CCOCC6,8.397940009
O=C(N(C/1C2=CC(OCO3)=C3C=C2)C4=CC(N=CN5)=C5C=C4)NC1=N\CCCN6CCCC6=O,8.397940009
O=C(N(C/1C2=CC=C(C)C=C2)C3=CC(N=CN4)=C4C=C3)NC1=N\CC5=CC(C=CN6)=C6C=C5,8.397940009
O=C(N(C/1C2=CC(C=CC=C3)=C3C=C2)C4=CC(N=CN5)=C5C=C4)NC1=N/C6CCCC6,8.397940009
O=C(N(C/1C2=CC(C=CN3)=C3C=C2)C4=CC(N=CN5)=C5C=C4)NC1=N\CN6C7=CC=CC=C7N=N6,8.397940009
O=C(N(C/1C2=CC(Br)=CC=C2)C3=CC(NC=N4)=C4C=C3)NC1=N/CC5=CC=CC=C5,8.397940009
O=C(N(C/1C2=CC(Br)=CC(Br)=C2)C3=CC(N=CN4)=C4C=C3)NC1=N/C5CCCC5,8.397940009
O=C(N(C/1C2=C(Br)C=C3C(OCO3)=C2)C4=CC(NC=N5)=C5C=C4)NC1=N/C6CCCCC6,8.397940009
O=C(N(C/1C2=CC=C(Br)C=C2)C3=CC(N=CN4)=C4C=C3)NC1=N/C5CCCCC5,8.397940009
O=C(N(C/1C2=CC=C(Cl)C=C2)C3=CC(N=CN4)=C4C=C3)NC1=N/C5CCCC5,8.397940009
O=C(N(C/1C2=COC3=C(C=C(C)C=C3)C2=O)C4=CC(N=CN5)=C5C=C4)NC1=N/C6C(C=CC=C7)=C7CC6,8.397940009
O=C(N(C/1C2=CC=C(Br)C=C2)C3=CC(N=CN4)=C4C=C3)NC1=N\CC5=CC=CC=C5,8.397940009
O=C(N(C/1C2=CC=C3C(C=CN3)=C2)C4=CC(N=CN5)=C5C=C4)NC1=N/C6C(C=CC=C7)=C7CC6,8.397940009
O=C(N(C/1C2=C(C)C=C(C)C=C2)C3=CC(N=CN4)=C4C=C3)NC1=N\CCC5=CNC6=C5C=CC=C6,8.397940009
O=C(N(C/1C2=C(F)C=CC(Cl)=C2F)C3=CC(N=CN4)=C4C=C3)NC1=N/C5CCCCC5,8.397940009
O=C(N(C/1C2=CC(C=CN3)=C3C=C2)C4=CC(N=CN5)=C5C=C4)NC1=N\CCCC6=CC=CC=C6,8.397940009
O=C(N(C/1C2=CC3=C(NC=C3)C=C2)C4=CC(N=CN5)=C5C=C4)NC1=N/C6CCCC6,8.397940009
O=C(N(C/1C2=CNC3=C2C=CC(C)=C3)C4=CC(N=CN5)=C5C=C4)NC1=N\CC6=CC=CC=C6,8.397940009
O=C(N(C/1C2=CC=C(OCCO3)C3=C2)C4=CC(N=CN5)=C5C=C4)NC1=N/C6=CC(OCCO7)=C7C=C6,8.397940009
O=C(N(C/1C2=CC3=NSN=C3C=C2)C4=CC(N=CN5)=C5C=C4)NC1=N/C6C(O)CCCC6,8.397940009
O=C(N(C/1C2=CC(Br)=CC=C2)C3=CC(N=CN4)=C4C=C3)NC1=N\CCCN5CCCC5=O,8.397940009
O=C(N(C/1C2=CC=C(N(C)C)C=C2)C3=CC(N=CN4)=C4C=C3)NC1=N/C5C(C=CC=C6)=C6CC5,8.397940009
O=C(N(C/1C2=C(F)C(Cl)=CC=C2F)C3=CC(NC=N4)=C4C=C3)NC1=N/C(C)C(C)(C)C,8.397940009
O=C(N(C/1C2=CC(C=CN3)=C3C=C2)C4=CC(N=CN5)=C5C=C4)NC1=N\CCCN6CCCC6=O,8.397940009
O=C(N(C/1C2=CC(Br)=CC(Br)=C2)C3=CC(NC=N4)=C4C=C3)NC1=N/C5CCCCCC5,8.397940009
O=C(N(C/1C2=CC(Br)=CC(Br)=C2)C3=CC(N=CN4)=C4C=C3)NC1=N\CCCC5=CC=CC=C5,8.397940009
O=C(N(C/1C2=C(Br)C=C(OCO3)C3=C2)C4=CC(NC=N5)=C5C=C4)NC1=N\CCC6=CC=CS6,8.397940009
O=C(N(C/1C2=CC(F)=C(Cl)C=C2)C3=CC(N=CN4)=C4C=C3)NC1=N/C5CCCC5,8.397940009
O=C(N(C/1C2=CC=C(Br)C=C2)C3=CC(NC=N4)=C4C=C3)NC1=N\CCCN5CCCC5=O,8.397940009
O=C(N(C/1C2=C(Br)C=C3C(OCO3)=C2)C4=CC(N=CN5)=C5C=C4)NC1=N/C(C6=CC=CC=C6)CC7=CC=CC=C7,8.397940009
O=C(N(C/1C2=C(Br)C=C3C(OCO3)=C2)C4=CC(N=CN5)=C5C=C4)NC1=N/CC(N6CCCCC6)=O,8.397940009
O=C(N(C/1C2=CC=C(Br)C=C2)C3=CC(N=CN4)=C4C=C3)NC1=N/C5=CC(OCCO6)=C6C=C5,8.397940009
O=C(N(C/1C2=CC=C(Br)C=C2)C3=CC(N=CN4)=C4C=C3)NC1=N/C5C(C=CC=C6)=C6CC5,8.397940009
O=C(N(C/1C2=CC(Br)=CC=C2)C3=CC(N=CN4)=C4C=C3)NC1=N/C5C(C=CC=C6)=C6CCC5,8.397940009
O=C(N(C/1C2=CC(Br)=CC=C2)C3=CC(N=CN4)=C4C=C3)NC1=N/C(CC5=CC=CC=C5)C6=CC=CC=C6,8.397940009
O=C1C(O)=C(C(CCC)=O)C(C2=CC=C(C)O2)N1C3=CC=C(NC=N4)C4=C3,8.397940009
O=C1C(O)=C(C2=CC=CC(O)=C2)C(C3=CC4=NSN=C4C=C3)N1C5=CC=C(NC=N6)C6=C5,8.397940009
O=C1C(O)=C(C(C2CC2)=O)C(C3=CC4=NSN=C4C=C3)N1C5=CC=C(NC=N6)C6=C5,8.397940009
O=C1C(O)=C(C(C)C)C(C2OC(C)(C)OC2)N1C3=CC=C(NC=N4)C4=C3,8.397940009
O=C1C(O)=C(C(CC(C)C)=O)C(C2=NC(C(O)=CC=C3)=C3C=C2)N1C4=CC=C(NC=N5)C5=C4,8.397940009
O=C1C(O)=C(C(C)=O)C(C2=CC=CC(F)=C2F)N1C3=CC=C(NC=N4)C4=C3,8.397940009
O=C1C(O)=C(C(C)=O)C(C2=CC=C(CO)O2)N1C3=CC=C(NC=N4)C4=C3,8.397940009
O=C1C(O)=C(C(C)=O)C(C2=CC3=NSN=C3C=C2)N1C4=CC=C(NC=N5)C5=C4,8.397940009
O=C1C(O)=C(C(CCC)=O)C(C2=CC=C(C3=NC=CC=C3)C=C2)N1C4=CC=C(NC=N5)C5=C4,8.397940009
O=C1C(O)=C(C(C)=O)C(C2=CC3=NON=C3C=C2)N1C4=CC=C(NC=N5)C5=C4,8.397940009
O=C1C(O)=C(C2=CC=CC=C2)C(C3=NC(C=CC=C4)=C4C=C3)N1C5=CC=C(NC=N6)C6=C5,8.397940009
O=C1C(O)=C(C(CCC)=O)C(C2=CC3=NON=C3C=C2)N1C4=CC=C(NC=N5)C5=C4,8.397940009
O=C1C(O)=C(C2=CNC3=C2C=CC=C3)C(C4=CN=C(C=CC=C5)C5=C4)N1C6=CC=C(NC=N7)C7=C6,8.397940009
O=C1C(O)=C(C)C(C2=CC=CO2)N1C3=CC=C(NC=N4)C4=C3,8.397940009
O=C1C(O)=C(C(C2CC2)=O)C(C3=CC4=NON=C4C=C3)N1C5=CC=C(NC=N6)C6=C5,8.397940009
O=C1C(O)=C(C2=CC=CC=C2)C(C3=CC(F)=CC(F)=C3F)N1C4=CC=C(NC=N5)C5=C4,8.397940009
O=C1C(O)=C(C(C2CC2)=O)C(C3=CC=C4C(C(O)=CC=C4)=N3)N1C5=CC=C(NC=N6)C6=C5,8.397940009
O=C1C(O)=C(C2=CNC3=C2C=CC=C3)C(C4=CC5=NSN=C5C=C4)N1C6=CC=C(NC=N7)C7=C6,8.397940009
COC1=CC=C(N(CC2CCCC2)C(NCCCN3C=NC=C3C)=S)C=C1OC,8.387216143
S=C(NCCCN1C(C)=CN=C1)NC2=CC=C(OCCCCC3=CC(N)=NC=C3)C(OC)=C2,8.37675071
O=C(NCCCN1C(C)=CN=C1)N(C2CCCCC2)C3=CC=C(OCCCCN(C)C)C(OC)=C3,8.37675071
O=C(NCCCN1C=NC=C1C)N(CC2=CC=C(F)C=C2)C3=CC=C(OCCCCC4=CC=NC(N)=C4)C(OC)=C3,8.366531544
O=C(NCCCN1C=NC=C1C)N(CC2=CN=CC=C2)C3=CC=C(OCCN4CCOCC4)C(OC)=C3,8.356547324
CC1=CN=CN1CCCNC(NC2=CC(OC)=C(OCCCCC3=CC=NC(N)=C3)C=C2)=S,8.346787486
S=C(NCCCN1C(C)=CN=C1)NC2=CC=C(OCC(NC3CCN(CCN)CC3)=O)C(OC)=C2,8.346787486
COC1=CC=C(N(C2CCCCC2)C(NCCCN3C=NC=C3C)=O)C=C1OC,8.346787486
COC1=CC(NC(NCCCN2C=NC=C2C)=S)=CC=C1OCCC3CCN(C)CC3,8.337242168
COC1=CC=C(N(CC2=CC=CC=C2)C(NCCCN3C=NC=C3C)=S)C=C1OC,8.337242168
COC1=CC=C(N(C2CCCCC2)C(NCCCN3C=NC=C3C)=S)C=C1OC,8.327902142
O=C(NCCCN1C(C)=CN=C1)N(C2CC2)C3=CC=C(OCCCCC4=CC(N)=NC=C4)C(OC)=C3,8.327902142
CC1=CN=CN1CCCNC(NC2=CC(OC)=C(OCCCCN3CCNCC3)C=C2)=S,8.318758763
S=C(NCCCN1C(C)=CN=C1)NC2=CC=C(OCCCCN3CCN(CCO)CC3)C(OC)=C2,8.318758763
O=C(NCCCN1C(C)=CN=C1)N(CC)C2=CC=C(OCCN3CCNCC3)C(OC)=C2,8.318758763
O=C(NCCCN1C(C)=CN=C1)N(C2CCC2)C3=CC=C(OCCCCC4=CC(N)=NC=C4)C(OC)=C3,8.301029996
COC1=CC=C(N(C(NCCCN2C=NC=C2C)=S)CC3=CC=C(Cl)C=C3)C=C1OC,8.283996656
CC1=CN=CN1CCCNC(NC2=CC(OC)=C(OCCCN)C=C2)=S,8.27572413
COC1=CC=C(N(CC2=CC=CN=C2)C(NCCCN3C=NC=C3C)=S)C=C1OC,8.26760624
COC1=CC(NC(NCCCN2C=NC=C2C)=S)=CC=C1OCCC3=CC=NC(N)=C3,8.259637311
S=C(NCCCN1C(C)=CN=C1)NC2=CC=C(OCCC(NC3CCNCC3)=O)C(OC)=C2,8.259637311
O=C(NCCCN1C(C)=CN=C1)N(C(C)C)C2=CC=C(OCCN3CCNCC3)C(OC)=C2,8.259637311
COC1=CC=C(N(CC2=CC=NC=C2)C(NCCCN3C=NC=C3C)=S)C=C1OC,8.251811973
COC1=CC(NC(NCCCN2C=NC=C2C)=S)=CC=C1OCCCCNC3=NC=CC=N3,8.244125144
S=C(NCCCN1C(C)=CN=C1)NC2=CC=C(OCCN3CCNCC3C)C(OC)=C2,8.236572006
COC1=CC=C(N(C(NCCCN2C=NC=C2C)=O)C3CCN(C)CC3)C=C1OC,8.214670165
S=C(NCCCN1C(C)=CN=C1)NC2=CC=C(OCC3=CC=C(C4CCNCC4)C=C3)C(OC)=C2,8.207608311
COC1=CC=C(N(CC2CCCC2)C(NCCCN3C=NC=C3C)=O)C=C1OC,8.207608311
S=C(NCCCN1C(C)=CN=C1)NC2=CC=C(/C=C/C(N3CCN(CCN)CC3)=O)C=C2,8.193820026
COC1=CC=C(N(C2CCCC2)C(NCCCN3C=NC=C3C)=S)C=C1OC,8.187086643
COC1=CC=C(N(CC(C)C)C(NCCCN2C=NC=C2C)=S)C=C1OC,8.167491087
CC1=CN=CN1CCCNC(NC2=CC(OC)=C(OCCCNC)C=C2)=S,8.161150909
O=C(NCCCN1C(C)=CN=C1)N(C2CCCC2)C3=CC=C(OCCCCC4=CC(N)=NC=C4)C(OC)=C3,8.161150909
S=C(NCCCN1C(C)=CN=C1)NC2=CC=C(OCCCC(N3CCNCC3)=O)C(OC)=C2,8.15490196
COC1=CC(NC(NCCCN2C=NC=C2C)=S)=CC=C1OCCCC3CCNCC3,8.142667504
COC1=CC(NC(NCCCN2C=NC=C2C)=S)=CC=C1OCCN3CCN(C)CC3,8.13667714
S=C(NCCCN1C(C)=CN=C1)NC2=CC=C(OC)C(OCCC3CCNCC3)=C2,8.13667714
O=C(NCCCN1C(C)=CN=C1)N(C(C)C)C2=CC=C(OCCCCC3=CC(N)=NC=C3)C(OC)=C2,8.13667714
S=C(NCCCN1C(C)=CN=C1)NC2=CC=C(OCCN3CCN(CCO)CC3)C(OC)=C2,8.13076828
S=C(NCCCN1C(C)=CN=C1)NC2=CC=C(OCCN3CCN(CCN)CC3)C(OC)=C2,8.124938737
COC1=CC=C(N(C2CCN(CC3=CC=CC=C3)CC2)C(NCCCN4C=NC=C4C)=O)C=C1OC,8.124938737
COC1=CC=C(N(CC(C)C)C(NCCCN2C=NC=C2C)=O)C=C1OC,8.119186408
O=C(NCCCN1C(C)=CN=C1)C2(CC2)C3=CC=C(OCCCCC4=CC(N)=NC=C4)C(OC)=C3,8.119186408
COC1=C(OCCC2=CC=C(N)C=C2)C=CC(NC(NCCCN3C=NC=C3C)=S)=C1,8.113509275
S=C(NCCCN1C(C)=CN=C1)NC2=CC=C(OCCC(N3CCNCC3)=O)C(OC)=C2,8.113509275
COC1=CC(NC(NCCCN2C=NC=C2C)=S)=CC=C1OCCCCC3CCNCC3,8.107905397
S=C(NCCCN1C(C)=CN=C1)NC2=CC=C(OCC(N3CCN(CCN)CC3)=O)C(OC)=C2,8.107905397
S=C(NCCCN1C(C)=CN=C1)NC2=CC=C(OC)C(OCCN)=C2,8.102372909
S=C(NCCCN1C(C)=CN=C1)NC2=CC=C(OC)C(OCCCCC3CCNCC3)=C2,8.102372909
S=C(NCCCN1C(C)=CN=C1)NC2=CC=C(OCC(NC3CCN(CCN)CC3)=O)C=C2,8.102372909
O=C(NCCCN1C=NC=C1C)N(CC2=CC=C(F)C=C2)C3=CC=C(OCCCCN(C)C)C(OC)=C3,8.102372909
CC1=CN=CN1CCCNC(NC2=CC(OC)=C(OCCCCN3CCN(C)CC3)C=C2)=S,8.086186148
COC1=CC=C(N(C2CCNCC2)C(NCCCN3C=NC=C3C)=O)C=C1OC,8.086186148
CC1=CN=CN1CCCNC(NC2=CC(OC)=C(OCCCCC3=CC=C(N)C=C3)C=C2)=S,8.080921908
S=C(NCCCN1C(C)=CN=C1)NC2=CC=C(OC3=CC=C(N4CCNCC4)C=C3)C(OC)=C2,8.070581074
S=C(NCCCN1C(C)=CN=C1)NC2=CC=C(OCCCCN3CCN(CCN)CC3)C(OC)=C2,8.065501549
COC1=CC=C(N(C2CCC2)C(NCCCN3C=NC=C3C)=S)C=C1OC,8.065501549
O=C(NCCCN1C(C)=CN=C1)N(C2CCCCC2)C3=CC=C(OCCN(C)C)C(OC)=C3,8.065501549
S=C(NCCCN1C(C)=CN=C1)NC2=CC=C(OCCCCC3=CC(NCCO)=NC=C3)C(OC)=C2,8.060480747
COC1=CC=C(N(CC2=CC=CN=C2)C(NCCCN3C=NC=C3C)=O)C=C1OC,8.060480747
S=C(NCCCN1C(C)=CN=C1)NC2=CC=C(OC)C(OCCCCN)=C2,8.055517328
S=C(NCCCN1C(C)=CN=C1)NC2=CC=C(OC)C(OCCCC3CCNCC3)=C2,8.055517328
CC1=CN=CN1CCCNC(N(CC)C2=CC(OC)=C(OC)C=C2)=S,8.055517328
S=C(NCCCN1C(C)=CN=C1)N(C2=CC=C(OCCCCC3=CC(N)=NC=C3)C(OC)=C2)C,8.050609993
O=C(NCCCN1C(C)=CN=C1)N(C2CCCCC2)C3=CC=C(OCCN4CCOCC4)C(OC)=C3,8.050609993
S=C(NC1=CC(OC)=C(OCCCC2=CC=C(N)C=C2)C=C1)NCCCN3C(C)=CN=C3,8.045757491
S=C(NCCCN1C(C)=CN=C1)NC2=CC=C(OCCC3CCN(CCO)CC3)C(OC)=C2,8.045757491
S=C(NCCCN1C(C)=CN=C1)NC2=CC=C(OC)C(OCCCN)=C2,8.045757491
O=C(NCCCC1=CC(N=CN2)=C2C=C1)N(C3CCC3)C4=CC=C(OCCCCC5=CC=NC(N)=C5)C(OC)=C4,8.045757491
CC1=CN=CN1CCCNC(NC2=CC(OC)=C(OCCCCC3=CC=NC=C3)C=C2)=S,8.040958608
CC1=CN=CN1CCCNC(NC2=CC(OC)=C(OCCCCN3CCOCC3)C=C2)=S,8.036212173
O=C(NCCCN1C(C)=CN=C1)N(C)C2=CC=C(OCCCCC3=CC(N)=NC=C3)C(OC)=C2,8.036212173
O=C(NCCCN1C(C)=CN=C1)N(C2=CC=CC=C2)C3=CC=C(OCCCCC4=CC(N)=NC=C4)C(OC)=C3,8.031517051
S=C(NCCCN1C(C)=CN=C1)NC2=CC=C(OC3=CC=C(C4=CCNCC4)C=C3)C(OC)=C2,8.026872146
O=C(NCCCC1=CC(N=CN2)=C2C=C1)N(CC3=CN=CC=C3)C4=CC=C(OCCCCC5=CC=NC(N)=C5)C(OC)=C4,8.022276395
S=C(NCCCN1C(C)=CN=C1)NC2=CC=C(OCCN3CC(C)NC(C)C3)C(OC)=C2,8.004364805
S=C(NCCCN1C(C)=CN=C1)NC2=CC=C(OC3=CC=C(C4CCNCC4)C=C3)C(OC)=C2,8.004364805
O=C(NCCCC1=CC(N=CN2)=C2C=C1)N(C3CCN(C)CC3)C4=CC=C(OCCCCC5=CC=NC(N)=C5)C(OC)=C4,8.004364805
S=C(NCCCN1C(C)=CN=C1)NC2=CC=C(OCC(NC3CCNCC3)=O)C(OC)=C2,7.987162775
S=C(NCCCN1C(C)=CN=C1)NC2=CC=C(OCCC3CCN(CCN)CC3)C(OC)=C2,7.974694135
COC1=CC(NC(NCCCN2C=NC=C2C)=S)=CC=C1OCCCC3=CC(N)=NC=C3,7.970616222
O=C(NCCCN1C(C)=CN=C1)C2(CCC2)C3=CC=C(OCCCCC4=CC(N)=NC=C4)C(OC)=C3,7.962573502
O=C(NCCCN1C(C)=CN=C1)NC2=CC=C(OCCN3CCN(C)CC3)C(OC)=C2,7.962573502
COC1=CC=C(N(CC2=CC=NC=C2)C(NCCCN3C=NC=C3C)=O)C=C1OC,7.958607315
S=C(NCCCN1C(C)=CN=C1)N(C2=CC=C(OCCCCC3=CC(N)=NC=C3)C(OC)=C2)CC,7.958607315
S=C(NCCCN1C(C)=CN=C1)NC2=CC=C(/C=C/C(NC3CCN(CCN)CC3)=O)C=C2,7.950781977
CC1=CN=CN1CCCNC(NC2=CC(OC)=C(OCCCN3CCNCC3)C=C2)=S,7.943095149
S=C(NCCCN1C(C)=CN=C1)NC2=CC=C(OCC(N3CCNCC3)=O)C=C2,7.943095149
S=C(NCCCN1C(C)=CN=C1)NC2=CC=C(OCC3=CC=C(N4CCNCC4)C=C3)C(OC)=C2,7.93930216
CC1=CN=CN1CCCNC(NC2=CC(OC)=C(OCCCN3CCN(C)CC3)C=C2)=S,7.931814138
O=C(NCCCN1C=NC=C1C)N(CC2=CC=C(F)C=C2)C3=CC=C(OCCCN(C)C)C(OC)=C3,7.924453039
S=C(NCCCN1C(C)=CN=C1)NC2=CC=C(OCCN3CCN(C4=NC=CC=N4)CC3)C(OC)=C2,7.920818754
S=C(NCCCN1C(C)=CN=C1)NC2=CC=C(OC3=CC=C(N4CCN(CCN)CC4)C=C3)C(OC)=C2,7.920818754
COC1=CC(NC(NCCCN2C=NC=C2C)=S)=CC=C1OCCCCC3CCN(C)CC3,7.910094889
COC1=CC=C(N(C)C(NCCCN2C=NC=C2C)=S)C=C1OC,7.906578315
CC1=CN=CN1CCCNC(NC2=CC(OC)=C(OCCCCN3CCCCC3)C=C2)=S,7.903089987
COC1=CC(NC(NCCCN2C=NC=C2C)=S)=CC=C1OCCN3CCOCC3,7.903089987
COC1=CC=C(N(C(NCCCN2C=NC=C2C)=O)CC3=CC=C(Cl)C=C3)C=C1OC,7.903089987
O=C(NCCCC1=CC(N=CN2)=C2C=C1)N(C(C)C)C3=CC=C(OCCCCC4=CC=NC(N)=C4)C(OC)=C3,7.899629455
O=C(NCCCC1=CC(N=CN2)=C2C=C1)N(C3CCCC3)C4=CC=C(OCCCCC5=CC=NC(N)=C5)C(OC)=C4,7.899629455
S=C(NCCCN1C(C)=CN=C1)NC2=CC=C(OCCN3CCN(CC4=CC=CC=C4)CC3)C(OC)=C2,7.896196279
O=C(NCCCN1C=NC=C1C)N(CC2=CN=CC=C2)C3=CC=C(OCCCCN(C)C)C(OC)=C3,7.89279003
S=C(NCCCN1C(C)=CN=C1)NC2=CC=C(OCC(NC3CCNCC3)=O)C=C2,7.88941029
COC1=CC=C(N(C(NCCCN2C=NC=C2C)=O)CC3=CC=CC(Cl)=C3)C=C1OC,7.88941029
COC1=CC(NC(NCCCN2C=NC=C2C)=S)=CC=C1OCCCN(C)C,7.886056648
O=C(NCCCN1C(C)=CN=C1)NC2=CC=C(OCCN3CCNCC3)C(OC)=C2,7.879426069
COC1=CC=C(N(CC2=CC=CC=C2)C(NCCCN3C=NC=C3C)=O)C=C1OC,7.876148359
O=C(NCCCN1C(C)=CN=C1)N(C2CCN(C)CC2)C3=CC=C(OCCN(C)C)C(OC)=C3,7.876148359
CC1=CN=CN1CCCNC(NC2=CC(OC)=C(OCCCN3CCCCC3)C=C2)=S,7.872895202
S=C(NCCCN1C(C)=CN=C1)NC2=CC=C(OCCCCC3=CC(NC)=NC=C3)C(OC)=C2,7.872895202
O=C(NCCCN1C(C)=CN=C1)N(C)C2=CC=C(OCCN3CCNCC3)C(OC)=C2,7.872895202
COC1=CC=C(N(C2CCN(CC3=CC=C(F)C=C3)CC2)C(NCCCN4C=NC=C4C)=O)C=C1OC,7.866461092
COC1=CC(NC(NCCCN2C=NC=C2C)=S)=CC=C1OCCCCN,7.860120914
COC1=CC(NC(NCCCN2C=NC=C2C)=S)=CC=C1OCCC3CCNCC3,7.860120914
CC1=CN=CN1CCCNC(NC2=CC(OC)=C(OCCCN3CCOCC3)C=C2)=S,7.850780887
O=C(NCCCN1C(C)=CN=C1)N(CC)C2=CC=C(OCCCCC3=CC(N)=NC=C3)C(OC)=C2,7.847711656
COC1=CC(NC(NCCCN2C=NC=C2C)=S)=CC=C1OCCCC3=CC=NC=C3,7.841637508
CC(C)(C1=CC=C(OCCCCC2=CC(N)=NC=C2)C(OC)=C1)C(NCCCN3C(C)=CN=C3)=O,7.835647144
S=C(NCCCN1C(C)=CN=C1)NC2=CC=C(OCC(N3CCNCC3)=O)C(OC)=C2,7.823908741
S=C(NCCCN1C(C)=CN=C1)NC2=CC=C(OC)C(OCCCCN3CCNCC3)=C2,7.823908741
S=C(NCCCN1C(C)=CN=C1)NC2=CC=C(OC)C(OCCCC3=CC(N)=NC=C3)=C2,7.823908741
COC1=CC=C(N(CCN2CCNCC2)C(NCCCN3C=NC=C3C)=O)C=C1OC,7.823908741
O=C(NCCCN1C(C)=CN=C1)NC2=CC=C(OCCCCC3=CC(N)=NC=C3)C(OC)=C2,7.823908741
O=C(NCCCN1C(C)=CN=C1)N(C)C2=CC=C(OCCN3CCOCC3)C(OC)=C2,7.821023053
S=C(NCCCN1C(C)=CN=C1)NC2=CC=C(OC)C(OCCCCNC3=NC=CC=N3)=C2,7.818156412
CC1=CN=CN1CCCNC(NC2=CC(OC)=C(OCCCCC3=CC(N)=NC(N)=C3)C=C2)=S,7.815308569
O=C(NCCCN1C(C)=CN=C1)N(C2CCN(C)CC2)C3=CC=C(OCCCN(C)C)C(OC)=C3,7.809668302
S=C(NCCCN1C(C)=CN=C1)NC2=CC=C(OCCNC(C3CCNCC3)=O)C(OC)=C2,7.804100348
S=C(NCCCN1C(C)=CN=C1)NC2=CC=C(OC)C(OCCCN3CCNCC3)=C2,7.801342913
S=C(NCCCN1C(C)=CN=C1)NC2=CC=C(OC)C(OCCCCC3=CC(N)=NC=C3)=C2,7.798602876
S=C(NCCCN1C(C)=CN=C1)NC2=CC=C(OC3=CC=C(N4CCN(CCO)CC4)C=C3)C(OC)=C2,7.793174124
CC1=CN=CN1CCCNC(NC2=CC(OC)=C(OCCCCNC)C=C2)=S,7.790484985
S=C(NCCCN1C(C)=CN=C1)NC2=CC=C(C(NC3CCN(CCN)CC3)=O)C=C2,7.790484985
COC1=C(OC)C=CC(N(C(NCCCN2C=NC=C2C)=O)C3CCN(C4=CC=CC=C4)CC3)=C1,7.785156152
S=C(NCCCN1C(C)=CN=C1)NC2=CC=C(OCCCC(NC3CCNCC3)=O)C(OC)=C2,7.777283529
CN1C(C2CCN(C3=NC=CC=C3C4=CN=C(F)C=C4)CC2)=NN=C1,7.777283529
O=C(NCCCN1C(C)=CN=C1)NC2=CC=C(OCCC3=CC=NC(N)=C3)C(OC)=C2,7.772113295
S=C(NCCCN1C(C)=CN=C1)NC2=CC=C(OC3=CC=C(N4CCN(C)CC4)C=C3)C(OC)=C2,7.769551079
O=C(NCCCC1=CC(N=CN2)=C2C=C1)N(CC3CCCC3)C4=CC=C(OCCCCC5=CC=NC(N)=C5)C(OC)=C4,7.76700389
S=C(NCCCN1C(C)=CN=C1)NC2=CC=C(OCCN3CCN(CCOCCO)CC3)C(OC)=C2,7.761953897
COC1=CC(NC(NCCCN2C=NC=C2C)=S)=CC=C1OCCCNC3=NC=CC=N3,7.756961951
COC1=CC(NC(NCCCN2C=NC=C2C)=S)=CC=C1OCCCCNC3=NC=C(F)C=N3,7.756961951
COC1=CC=C(N(C(C)C)C(NCCCN2C=NC=C2C)=O)C=C1OC,7.756961951
CC1=CN=CN1CCCNC(N(CC2=CC=NC(N)=C2)C3=CC=C(OC)C(OC)=C3)=O,7.754487332
S=C(NCCCN1C(C)=CN=C1)NC2=CC=C(OCC(NC3CCN(CCO)CC3)=O)C(OC)=C2,7.752026734
O=C(NCCCN1C=NC=C1C)N(CC2=CC=C(F)C=C2)C3=CC=C(OCCN(C)C)C(OC)=C3,7.73754891
COC1=CC(NC(NCCCN2C=NC=C2C)=S)=CC=C1OCCCCC3=CN=C(N)N=C3,7.735182177
S=C(NCCCN1C(C)=CN=C1)NC2=CC=C(OC)C(OCCN3CCNCC3)=C2,7.735182177
COC1=CC(NC(NCCCN2C=NC=C2C)=S)=CC=C1OCCCNC3=NC=C(F)C=N3,7.732828272
S=C(NCCCN1C(C)=CN=C1)NC2=CC=C(OCCN3CCNCC3)C=C2,7.728158393
O=C(NCCCN1C(C)=CN=C1)NC2=CC=C(OCCN3CCOCC3)C(OC)=C2,7.728158393
COC1=CC(NC(NCCCN2C=NC=C2C)=S)=CC=C1OCCCCC3=CC=NC(NC(C)=O)=C3,7.721246399
S=C(NCCCN1C(C)=CN=C1)NC2=CC=C(OCCC(N)=O)C(OC)=C2,7.721246399
S=C(NCCCN1C=NC=C1C)NC2=CC=C(OCCCCC3=CC=CC(N)=N3)C(OC)=C2,7.714442691
O=C(NCCCN1C=NC=C1C)N(CC2=CN=CC=C2)C3=CC=C(OCCN(C)C)C(OC)=C3,7.714442691
S=C(NCCCN1C(C)=CN=C1)NC2=CC=C(/C=C/C(N3CCNCC3)=O)C=C2,7.71219827
COC1=CC=C(N(C2CCCC2)C(NCCCN3C=NC=C3C)=O)C=C1OC,7.71219827
COC1=CC(NC(NCCCN2C=NC=C2C)=S)=CC=C1OCCCCC3=CC=CN=C3,7.70333481
O=C(NCCCC1=CC(N=CN2)=C2C=C1)N(C3CCNCC3)C4=CC=C(OCCCCC5=CC=NC(N)=C5)C(OC)=C4,7.698970004
COC1=CC(NC(NCCCN2C=NC=C2C)=S)=CC=C1OCCCC3CCN(C)CC3,7.694648631
CC1=CN=CN1CCCNC(NC2=CC(OC)=C(OCCCC3=CN=C(N)N=C3)C=C2)=S,7.688246139
COC1=CC(N(CC2=CC(F)=CC=C2)C(NCCCN3C=NC=C3C)=O)=CC=C1OC,7.688246139
S=C(NCCCN1C(C)=CN=C1)NC2=CC=C(OC)C(OCCC3CCN(C)CC3)=C2,7.68613278
O=C(NCCCN1C(C)=CN=C1)N(C(C)C)C2=CC=C(OCCN3CCOCC3)C(OC)=C2,7.681936665
COC1=CC(NC(NCCCN2C=NC=C2C)=S)=CC=C1OCCCCC3=CN=CN=C3,7.671620397
O=C(NCCCC1=CC(N=CN2)=C2C=C1)N(CC3=CC=CC=C3)C4=CC=C(OCCCCC5=CC=NC(N)=C5)C(OC)=C4,7.66756154
S=C(NCCCN1C(C)=CN=C1)NC2=CC=C(OCCN3CCN(C4=CC=CC=C4)CC3)C(OC)=C2,7.665546249
S=C(NCCCN1C(C)=CN=C1)NC2=CC=C(OC)C(OCCCCNC)=C2,7.657577319
O=C1C(O)=C(C)C(C2=CC(Br)=CC=C2F)N1C3=CC=C(NC=N4)C4=C3,7.645891561
O=C(NCCCN1C(C)=CN=C1)C2(CCCC2)C3=CC=C(OC)C(OC)=C3,7.640164518
CC1=CN=CN1CCCNC(N(C2CCN(CC3=CC=CN=C3)CC2)C4=CC=C(OC)C(OC)=C4)=O,7.632644079
COC1=CC(NC(NCCCN2C=NC=C2C)=S)=CC=C1OCCC3=CC=NC=C3,7.628932138
S=C(NCCCN1C(C)=CN=C1)NC2=CC=C(OCCCN3CCN(CCO)CC3)C(OC)=C2,7.628932138
CC1=CN=CN1CCCNC(N(CC2=CC=C(N)N=C2)C3=CC=C(OC)C(OC)=C3)=O,7.628932138
O=C(NCCCN1C(C)=CN=C1)C2(CCCC2)C3=CC=C(OCCCCC4=CC(N)=NC=C4)C(OC)=C3,7.623423043
O=C(NCCCC1=CC(N=CN2)=C2C=C1)C(C)(C)C3=CC=C(OCCCCC4=CC=NC(N)=C4)C(OC)=C3,7.619788758
O=C(NCCCN1C(C)=CN=C1)C2(CC2)C3=CC=C(OC)C(OC)=C3,7.614393726
COC1=CC(NC(NCCCN2C=NC=C2C)=S)=CC=C1OCCN3CCCCC3,7.607303047
S=C(NCCCN1C(C)=CN=C1)NC2=CC=C(OCCCCC3=CC(N)=NC=C3)C=C2,7.607303047
COC1=CC=C(N(CCN2CCOCC2)C(NCCCN3C=NC=C3C)=O)C=C1OC,7.602059991
COC1=CC=C(N(C2CC2)C(NCCCN3C=NC=C3C)=S)C=C1OC,7.591760035
S=C(NCCCN1C(C)=CN=C1)NC2=CC=C(/C=C/C(NC3CCNCC3)=O)C=C2,7.585026652
O=C(NCCCC1=CC(N=CN2)=C2C=C1)N(CC)C3=CC=C(OCCCCC4=CC=NC(N)=C4)C(OC)=C3,7.585026652
S=C(NCCCN1C(C)=CN=C1)NC2=CC=C(OC)C(OCCC3=CC(N)=NC=C3)=C2,7.578396073
COC1=CC=C(N(C2CCC2)C(NCCCN3C=NC=C3C)=O)C=C1OC,7.576754126
S=C(NCCCN1C(C)=CN=C1)NC2=CC=C(OC)C(OCCCNC)=C2,7.571865206
COC1=CC=C(N(CC)C(NCCCN2C=NC=C2C)=O)C=C1OC,7.568636236
O=C(NCCCC1=CC(N=CN2)=C2C=C1)NC3=CC=C(OCCCCC4=CC=NC(N)=C4)C(OC)=C3,7.567030709
O=C(NC[C@H]1C2=CC=C(OCCC)C=C2)N1C(C=C3)=CC4=C3NC=N4,7.537602002
COC1=CC(NC(NCCCN2C=NC=C2C)=S)=CC=C1OCCN,7.519993057
COC1=C(OC)C=CC(N(C(NCCCN2C=NC=C2C)=O)CC3=CC=C(F)N=C3)=C1,7.514278574
S=C(NCCCN1C(C)=CN=C1)NC2=CC=C(OCCN3CCN(C(C)=O)CC3)C(OC)=C2,7.511449283
O=C(N(CC1=CC=C(Cl)N=C1)C2=CC(OC)=C(OC)C=C2)NCCCN3C=NC=C3C,7.488116639
O=C(NCCCN1C(C)=CN=C1)N(C2CCN(C)CC2)C3=CC=C(OCCN4CCOCC4)C(OC)=C3,7.48148606
O=C(NCCCN1C=NC=C1C)N(CC2=CN=CC=C2)C3=CC=C(OCCCN(C)C)C(OC)=C3,7.467245621
S=C(NCCCN1C(C)=CN=C1)NC2=CC=C(OCCC(N(C)C)=O)C(OC)=C2,7.450996738
COC1=CC(NC(NCCCN2C=NC=C2C)=S)=CC=C1OCCCC3=CN=CN=C3,7.449771647
O=C(NCCCC1=CC(N=CN2)=C2C=C1)N(C)C3=CC=C(OCCCCC4=CC=NC(N)=C4)C(OC)=C3,7.447331784
COC1=CC=C(N(CCC2=CC=NC(N)=C2)C(NCCCN3C=NC=C3C)=O)C=C1OC,7.432973634
O=C(NCCCN1C(C)=CN=C1)C2(CCC2)C3=CC=C(OC)C(OC)=C3,7.43062609
COC1=CC=C(N(C2CC2)C(NCCCN3C=NC=C3C)=O)C=C1OC,7.41453927
COC1=CC(NC(NCCCN2C=NC=C2C)=S)=CC=C1OCCN(C)C,7.413412695
CC1=CN=CN1CCCNC(NC2=CC(OC)=C(OCCNC)C=C2)=S,7.412289035
O=C(NCCCN1C(C)=CN=C1)C(CC2=CC=CC=C2)C3=CC=C(OC)C(OC)=C3,7.408935393
COC1=CC(NC(NCCCN2C=NC=C2C)=S)=CC=C1OCCNC3=NC=CC=N3,7.404503778
O=C(NCCCN1C(C)=CN=C1)NC2=CC=C(OCCCCN(C)C)C(OC)=C2,7.401209493
O=C1C(O)=C(C(C2=CC=CC=C2)=O)C(C3=C(F)C(F)=CC=C3)N1C4=CC=C(NC=N5)C5=C4,7.400116928
OC1=CC=C(C)C=C1C(C2=NN=NN2CC(C)(C)C)NCCCN3C=CN=C3,7.397940009
O=C(N(C/1C2=C(Cl)C=CC=C2)CCCN3C=CN=C3)NC1=N/CCC4=CC=CS4,7.397940009
O=C1C(O)=C(C)C(C2=CC(C=CN3)=C3C=C2)N1CCCN4C=NC=C4,7.397940009
O=C1C(O)=C(C(C)C)C(CCCCC)N1CCCN2C=NC=C2,7.397940009
O=C1C(O)=C(C(C)C)C(CC2=CC=CC=C2)N1CCCN3C=NC=C3,7.397940009
O=C1C(O)=C(C2=CC=CC=C2)C(C3=CC(Cl)=CC(Cl)=C3O)N1CCCN4C=NC=C4,7.397940009
O=C1C(O)=C(C2=CC=CC=C2)C(C3=CC=C(C)C=C3)N1CCCN4C=NC=C4,7.397940009
O=C1C(O)=C(C2=CC=CC=C2)C(/C=C/CCC)N1CCCN3C=NC=C3,7.397940009
O=C1C(O)=C(C2=CC=CC=C2)C(C3=CC=C(NC=C4)C4=C3)N1CCCN5C=NC=C5,7.397940009
O=C1C(O)=C(C2=CC=CC=C2)C(C3=CC=C(OC)C=C3)N1CCCN4C=NC=C4,7.397940009
O=C1C(O)=C(C2=CC=CC=C2)C(CCCCC)N1CCCN3C=NC=C3,7.397940009
O=C1C(O)=C(C2=CC=CC=C2)C(C3OC=CCC3)N1CCCN4C=NC=C4,7.397940009
O=C1C(O)=C(C2=CC=CC=C2)C(C3=CNC4=C3C=CC(C)=C4)N1CCCN5C=NC=C5,7.397940009
O=C1C(O)=C(C2=CC=CC=C2)C(C3=CNC4=C3C=CC=C4)N1CCCN5C=NC=C5,7.397940009
O=C1C(O)=C(C2=CC=CC=C2)C(CC3=CC=CC=C3)N1CCCN4C=NC=C4,7.397940009
O=C1C(O)=C(C2=CC=CC=C2)C(C3=CC=CO3)N1CCCN4C=NC=C4,7.397940009
O=C1C(O)=C(C2=CC=CC=C2)C(CO)N1CCCN3C=NC=C3,7.397940009
O=C1C(O)=C(C2=CC=CC=C2)C(CCCC)N1CCCN3C=NC=C3,7.397940009
O=C1C(O)=C(C2=CC=CC=C2)C(C3=C(F)C=CC=C3)N1CCCN4C=NC=C4,7.397940009
O=C1C(O)=C(C2=CC=CC=C2)C(C3=CC=CC(O)=C3)N1CCCN4C=NC=C4,7.397940009
O=C1C(O)=C(C2=CNC3=C2C=CC=C3)C(C4=CC=C(C)C=C4)N1CCCN5C=NC=C5,7.397940009
O=C1C(O)=C(C2=CNC3=C2C=CC=C3)C(C4=CC=C(NC=C5)C5=C4)N1CCCN6C=NC=C6,7.397940009
O=C1C(O)=C(C2=CNC3=C2C=CC=C3)C(C4=CC=C(OC)C=C4)N1CCCN5C=NC=C5,7.397940009
O=C1C(O)=C(C2=CNC3=C2C=CC=C3)C(C4=CC=CC=C4O)N1CCCN5C=NC=C5,7.397940009
O=C1C(O)=C(C2=CNC3=C2C=CC=C3)C(C4=CC=C(C)C(C)=C4)N1CCCN5C=NC=C5,7.397940009
O=C1C(O)=C(C2=CNC3=C2C=CC=C3)C(C4=CC=CC=C4)N1CCCN5C=NC=C5,7.397940009
O=C1C(O)=C(C2=CNC3=C2C=CC=C3)C(C4OC=CCC4)N1CCCN5C=NC=C5,7.397940009
O=C1C(O)=C(C2=CNC3=C2C=CC=C3)C(C4=CC=CC=N4)N1CCCN5C=NC=C5,7.397940009
O=C1C(O)=C(C2=CNC3=C2C=CC=C3)C(C4=CC=NC=C4)N1CCCN5C=NC=C5,7.397940009
O=C1C(O)=C(C2=CNC3=C2C=CC=C3)C(C4=CC=CC(Cl)=C4)N1CCCN5C=NC=C5,7.397940009
O=C1C(O)=C(C2=CNC3=C2C=CC=C3)C(C4=CC=CC=C4F)N1CCCN5C=NC=C5,7.397940009
O=C1C(O)=C(C2=CC=C(O)C=C2)C(C3=C(O)C(Cl)=CC(Cl)=C3)N1CCCN4C=NC=C4,7.397940009
O=C1C(O)=C(C2=CC=C(O)C=C2)C(C3=CC=C(C)C=C3)N1CCCN4C=NC=C4,7.397940009
O=C1C(O)=C(C2=CC=C(O)C=C2)C(CCC)N1CCCN3C=NC=C3,7.397940009
O=C1C(O)=C(C2=CC=C(O)C=C2)C(C3=NNC=C3)N1CCCN4C=NC=C4,7.397940009
O=C1C(O)=C(C2=CC=C(O)C=C2)C(C3=CC=C(C)O3)N1CCCN4C=NC=C4,7.397940009
O=C1C(O)=C(C2=CC=C(O)C=C2)C(C3=CC=C(NC=C4)C4=C3)N1CCCN5C=NC=C5,7.397940009
O=C1C(O)=C(C2=CC=C(O)C=C2)C(C3=CC=C(OC)C=C3)N1CCCN4C=NC=C4,7.397940009
O=C1C(O)=C(C2=CC=C(O)C=C2)C(C3=CC=CC=C3O)N1CCCN4C=NC=C4,7.397940009
O=C1C(O)=C(C2=CC=C(O)C=C2)C(C3=CC=C(C)C(C)=C3)N1CCCN4C=NC=C4,7.397940009
O=C1C(O)=C(C2=CC=C(O)C=C2)C(CCCCC)N1CCCN3C=NC=C3,7.397940009
O=C1C(O)=C(C2=CC=C(O)C=C2)C(C3=CC=CC=C3)N1CCCN4C=NC=C4,7.397940009
O=C1C(O)=C(C2=CC=C(O)C=C2)C(C3OC=CCC3)N1CCCN4C=NC=C4,7.397940009
O=C1C(O)=C(C2=CC=C(O)C=C2)C(C3=CNC4=C3C=CC(C)=C4)N1CCCN5C=NC=C5,7.397940009
O=C1C(O)=C(C2=CC=C(O)C=C2)C(C3=CNC4=C3C=CC=C4)N1CCCN5C=NC=C5,7.397940009
O=C1C(O)=C(C2=CC=C(O)C=C2)C(CC3=CC=CC=C3)N1CCCN4C=NC=C4,7.397940009
O=C1C(O)=C(C2=CC=C(O)C=C2)C(C3=CC=CS3)N1CCCN4C=NC=C4,7.397940009
O=C1C(O)=C(C2=CC=C(O)C=C2)C(C3=CC=CO3)N1CCCN4C=NC=C4,7.397940009
O=C1C(O)=C(C2=CC=C(O)C=C2)C(C3CC3)N1CCCN4C=NC=C4,7.397940009
O=C1C(O)=C(C2=CC=C(O)C=C2)C(CCCC)N1CCCN3C=NC=C3,7.397940009
O=C1C(O)=C(C2=CC=C(O)C=C2)C(C3=CC=CC(Cl)=C3)N1CCCN4C=NC=C4,7.397940009
O=C1C(O)=C(C2=CC=C(O)C=C2)C(C3=CC=CC=C3F)N1CCCN4C=NC=C4,7.397940009
O=C1C(O)=C(C2=CC=C(O)C=C2)C(C3=CC=C(O)C=C3)N1CCCN4C=NC=C4,7.397940009
O=C1C(O)=C(C2=CC=C(O)C=C2)C(C3=CC=CC(O)=C3)N1CCCN4C=NC=C4,7.397940009
O=C1C(O)=C(CCCCC)C(C2=CC(Cl)=CC(Cl)=C2O)N1CCCN3C=NC=C3,7.397940009
O=C1C(O)=C(CCCCC)C(C2=CC=C(C)C=C2)N1CCCN3C=NC=C3,7.397940009
O=C1C(O)=C(CCCCC)C(CCC)N1CCCN2C=NC=C2,7.397940009
O=C1C(O)=C(CCCCC)C(C2=CC=C(C)O2)N1CCCN3C=NC=C3,7.397940009
O=C1C(O)=C(CCCCC)C(C2=CC=C(NC=C3)C3=C2)N1CCCN4C=NC=C4,7.397940009
O=C1C(O)=C(CCCCC)C(C2=CC=C(OC)C=C2)N1CCCN3C=NC=C3,7.397940009
O=C1C(O)=C(CCCCC)C(C2=CC=CC=C2O)N1CCCN3C=NC=C3,7.397940009
O=C1C(O)=C(CCCCC)C(C2=CC=C(C)C(C)=C2)N1CCCN3C=NC=C3,7.397940009
O=C1C(O)=C(CCCCC)C(CCCCC)N1CCCN2C=NC=C2,7.397940009
O=C1C(O)=C(CCCCC)C(C)N1CCCN2C=NC=C2,7.397940009
O=C1C(O)=C(CCCCC)C(C2=CC=C(CO)O2)N1CCCN3C=NC=C3,7.397940009
O=C1C(O)=C(CCCCC)C(C2=CC=CC=C2)N1CCCN3C=NC=C3,7.397940009
O=C1C(O)=C(CCCCC)C(C2OC=CCC2)N1CCCN3C=NC=C3,7.397940009
O=C1C(O)=C(CCCCC)C(C2=CNC3=C2C=CC(C)=C3)N1CCCN4C=NC=C4,7.397940009
O=C1C(O)=C(CCCCC)C(C2=CNC3=C2C=CC=C3)N1CCCN4C=NC=C4,7.397940009
O=C1C(O)=C(CCCCC)C(C(F)(F)F)N1CCCN2C=NC=C2,7.397940009
O=C1C(O)=C(CCCCC)C(C2=CC=NC=C2)N1CCCN3C=NC=C3,7.397940009
O=C1C(O)=C(CCCCC)C(C2=CC=CS2)N1CCCN3C=NC=C3,7.397940009
O=C1C(O)=C(CCCCC)C(C2=CC=CO2)N1CCCN3C=NC=C3,7.397940009
O=C1C(O)=C(CCCCC)C(C2=CC=CC(Cl)=C2)N1CCCN3C=NC=C3,7.397940009
O=C1C(O)=C(CCCCC)C(C2=CC=CC=C2F)N1CCCN3C=NC=C3,7.397940009
O=C1C(O)=C(CCCCC)C(C2=CC=C(O)C=C2)N1CCCN3C=NC=C3,7.397940009
O=C1C(O)=C(CCCCC)C(C2=CC=CC(O)=C2)N1CCCN3C=NC=C3,7.397940009
O=C1C(O)=C(CC)C(C(O)CO)N1CCCN2C=NC=C2,7.397940009
O=C1C(O)=C(CC)C(C2=CC=C(NC=C3)C3=C2)N1CCCN4C=NC=C4,7.397940009
O=C1C(O)=C(CC)C(C2=CC=C(OC)C=C2)N1CCCN3C=NC=C3,7.397940009
O=C1C(O)=C(CC)C(C2=CC=CC=C2O)N1CCCN3C=NC=C3,7.397940009
O=C1C(O)=C(CC)C(C2=CCCCC2)N1CCCN3C=NC=C3,7.397940009
O=C1C(O)=C(CC)C(C2=CNC3=C2C=CC=C3)N1CCCN4C=NC=C4,7.397940009
O=C1C(O)=C(CC)C(C(F)(F)F)N1CCCN2C=NC=C2,7.397940009
O=C1C(O)=C(CC)C(C2=CC=CS2)N1CCCN3C=NC=C3,7.397940009
O=C1C(O)=C(CC)C(C2=CC=CC(Cl)=C2)N1CCCN3C=NC=C3,7.397940009
O=C1C(O)=C(C(C2CC2)=O)C(C3=CC(C)=CC=C3)N1C4=CC=C(NC=N5)C5=C4,7.397940009
O=C1C(O)=C(C(C)=O)C(C2=CN=C(C=CC=C3)C3=C2)N1C4=CC=C(NC=N5)C5=C4,7.397940009
O=C1C(O)=C(C2=CNC3=C2C=CC=C3)C(C4=CC5=NON=C5C=C4)N1C6=CC=C(NC=N7)C7=C6,7.397940009
O=C1C(O)=C(C2=CC=C(O)C=C2)C(C3=NC(C(O)=CC=C4)=C4C=C3)N1C5=CC=C(NC=N6)C6=C5,7.397940009
O=C1C(O)=C(C2=CC=CC=C2)C(C3=NC(C(O)=CC=C4)=C4C=C3)N1C5=CC=C(NC=N6)C6=C5,7.397940009
O=C1C(O)=C(C(CC(C)C)=O)C(C2=C(F)C(F)=CC(F)=C2F)N1C3=CC=C(NC=N4)C4=C3,7.397940009
O=C1C(O)=C(CC)C(C2=COC(C=CC(C)=C3)=C3C2=O)N1C4=CC=C(NC=N5)C5=C4,7.397940009
S=C(NCCCN1C(C)=CN=C1)NC2=CC=C(OCCN3CCN(C4=NC=C(F)C=N4)CC3)C(OC)=C2,7.394694954
CC1=CN=CN1CCCNC(NC2=CC(OC)=C(OCCCNC(C)=O)C=C2)=S,7.389339837
COC1=CC(NC(NCCCN2C=NC=C2C)=S)=CC=C1OCCCNC(N)=N,7.385102784
O=C(NCCCC1=CC(N=CN2)=C2C=C1)C3(CC3)C4=CC=C(OCCCCC5=CC=NC(N)=C5)C(OC)=C4,7.374687549
S=C(NCCCN1C(C)=CN=C1)NC2=CC=C(OC)C(OCCCCN(C)C)=C2,7.329754147
COC1=C(OC)C=CC(SCC(S2)=NN=C2C(C=C3)=CC4=C3NC=N4)=C1,7.319664487
S=C(NCCCN1C(C)=CN=C1)NC2=CC=C(OCC(N3CCN(CCO)CC3)=O)C(OC)=C2,7.312471039
S=C(NCCCN1C(C)=CN=C1)NC2=CC=C(OCCCC(N(C)C)=O)C(OC)=C2,7.292429824
O=C(NCCCN1C(C)=CN=C1)NC2=CC=C(OCCCN(C)C)C(OC)=C2,7.284832642
O=C1C(O)=C(C)C(C2=CC=CC(F)=C2F)N1C3=CC=C(NC=N4)C4=C3,7.279014256
S=C(NCCCN1C(C)=CN=C1)NC2=CC=C(OCCCC(N)=O)C(OC)=C2,7.269217724
CC1=CN=CN1CCCNC(N(C2CCN(C(C)=O)CC2)C3=CC=C(OC)C(OC)=C3)=O,7.268411235
S=C(NCCCN1C(C)=CN=C1)NC2=CC=C(OCC(NCC3=CC=NC(N)=C3)=O)C=C2,7.247951552
S=C(NCCCN1C(C)=CN=C1)NC2=CC=C3C(OCCO3)=C2,7.236572006
S=C(NCCCN1C(C)=CN=C1)NC2=CC=C(OCCN3CCN(C4=NC=C(Cl)C=N4)CC3)C(OC)=C2,7.175223538
CC1=CN=CN1CCCNC(N(C2=NC=CO2)C3=CC=C(OC)C(OC)=C3)=O,7.15739076
COC1=CC(SCC(S2)=NN=C2C3=CC=C4C(N=CN4)=C3)=CC=C1OC,7.15490196
O=C1C(O)=C(C)C(C2=CC=CC(Cl)=C2Cl)N1C3=CC=C(NC=N4)C4=C3,7.124938737
O=C(NCCCN1C(C)=CN=C1)C(C)(C)C2=CC=C(OC)C(OC)=C2,7.111820506
O=C(NCCCN1C(C)=CN=C1)C2(CCCCC2)C3=CC=C(OC)C(OC)=C3,7.110698297
COC1=CC=C(N(C)C(NCCCN2C=NC=C2C)=O)C=C1OC,7.104025268
CC1=CN=CN1CCCNC(N(C2CCN(CC)CC2)C3=CC(OC)=C(OC)C=C3)=O,7.091514981
O=C(NCCCN1C(C)=CN=C1)C(CC2=CN=CC=C2)C3=CC=C(OC)C(OC)=C3,7.088309841
S=C(NCCCN1C(C)=CN=C1)NC2=CC=C(OCC(N)=O)C(OC)=C2,7.047207557
CC1=CN=CN1CCCN2C(C(C=CC=C3)=C3NC2=S)=O,7.034798299
COC1=CC=C(N(C2=CC=CC=C2)C(NCCCN3C=NC=C3C)=O)C=C1OC,7.031517051
CC1=CN=CN1CCCN2C(C(C=C(CC3=CC=CC=C3)S4)=C4NC2=S)=O,7.016824928
COC1=CC=C(N(C2=NC=CS2)C(NCCCN3C=NC=C3C)=O)C=C1OC,7.005243055
