STT,0,1,clusters,SMILES,pIC50,Molecule
0,18.8568,11.943888,0,O=C(NCCCN1C(C)=CN=C1)N(CC2CCCC2)C3=CC=C(OCCN4CCOCC4)C(OC)=C3,10,<rdkit.Chem.rdchem.Mol object at 0x000002B570D77ED0>
1,18.812986,11.60623,0,O=C(NCCCN1C(C)=CN=C1)N(CC2CCCC2)C3=CC=C(OCCN4CCNCC4)C(OC)=C3,9.337242168,<rdkit.Chem.rdchem.Mol object at 0x000002B570D77F40>
2,14.6533785,4.624931,0,S=C(NCCCN1C(C)=CN=C1)N(C2=CC=C(OCCCCC3=CC(N)=NC=C3)C(OC)=C2)C4CCCC4,9.301029996,<rdkit.Chem.rdchem.Mol object at 0x000002B570D77E60>
3,14.680175,4.568226,0,S=C(NCCCN1C(C)=CN=C1)N(C2=CC=C(OCCCCC3=CC(N)=NC=C3)C(OC)=C2)C4CCCCC4,9.22184875,<rdkit.Chem.rdchem.Mol object at 0x000002B570D77DF0>
5,19.758585,4.647552,0,O=C(NCCCN1C(C)=CN=C1)N(C2CCN(C)CC2)C3=CC=C(OCCCCN(C)C)C(OC)=C3,9.148741651,<rdkit.Chem.rdchem.Mol object at 0x000002B570D77D10>
6,14.5653105,4.7257423,0,S=C(NCCCN1C(C)=CN=C1)N(C2=CC=C(OCCCCC3=CC(N)=NC=C3)C(OC)=C2)C4CCC4,9.096910013,<rdkit.Chem.rdchem.Mol object at 0x000002B570D77CA0>
7,14.30532,9.386034,0,O=C(NCCCN1C=NC=C1C)N(CC2=CC=CC=C2)C3=CC=C(OCCCCC4=CC=NC(N)=C4)C(OC)=C3,9,<rdkit.Chem.rdchem.Mol object at 0x000002B570D77C30>
8,18.826323,11.995549,0,O=C(NCCCN1C(C)=CN=C1)N(CC2CCCC2)C3=CC=C(OCCN4CCN(C)CC4)C(OC)=C3,9,<rdkit.Chem.rdchem.Mol object at 0x000002B570D77BC0>
9,26.50913,14.204669,0,COC1=CC=C(N(CC2=CC=C(F)C=C2)C(NCCCN3C=NC=C3C)=S)C=C1OC,8.886056648,<rdkit.Chem.rdchem.Mol object at 0x000002B570D77B50>
10,20.880297,6.240375,0,O=C(NCCCN1C(C)=CN=C1)N(C2CCCCC2)C3=CC=C(OCCN4CCN(C)CC4)C(OC)=C3,8.886056648,<rdkit.Chem.rdchem.Mol object at 0x000002B570D77AE0>
11,14.188552,5.817027,0,S=C(NCCCN1C(C)=CN=C1)N(C2=CC=C(OCCCCC3=CC(N)=NC=C3)C(OC)=C2)C(C)C,8.853871964,<rdkit.Chem.rdchem.Mol object at 0x000002B570D77A70>
12,16.480986,12.128552,0,O=C(NCCCN1C=NC=C1C)N(CC2=CC=C(F)C=C2)C3=CC=C(OCCN4CCNCC4)C(OC)=C3,8.853871964,<rdkit.Chem.rdchem.Mol object at 0x000002B570D77A00>
13,20.66451,7.0234456,0,O=C(NCCCN1C(C)=CN=C1)N(C2CCCCC2)C3=CC=C(OCCN4CCNCC4)C(OC)=C3,8.823908741,<rdkit.Chem.rdchem.Mol object at 0x000002B570D77990>
14,21.864084,17.905989,0,COC1=CC=C(N(CCCCC2=CC=NC(NCCN)=C2)C(NCCCN3C=NC=C3C)=O)C=C1OC,8.795880017,<rdkit.Chem.rdchem.Mol object at 0x000002B570D77920>
15,14.73433,11.549148,0,O=C(NCCCN1C=NC=C1C)N(CC2=CC=C(F)C=C2)C3=CC=C(OCCC4=CC=NC(N)=C4)C(OC)=C3,8.795880017,<rdkit.Chem.rdchem.Mol object at 0x000002B570D778B0>
16,19.884434,6.823484,0,O=C(NCCCN1C(C)=CN=C1)N(C2CCN(C)CC2)C3=CC=C(OCCN4CCNCC4)C(OC)=C3,8.795880017,<rdkit.Chem.rdchem.Mol object at 0x000002B570D77840>
17,17.969484,4.6975956,0,O=C(NCCCN1C(C)=CN=C1)N(C2CCCCC2)C3=CC=C(OCCC4=CC=NC(N)=C4)C(OC)=C3,8.769551079,<rdkit.Chem.rdchem.Mol object at 0x000002B570D777D0>
19,20.022572,6.1031995,0,O=C(NCCCN1C(C)=CN=C1)N(C2CCN(C)CC2)C3=CC=C(OCCN4CCN(C)CC4)C(OC)=C3,8.744727495,<rdkit.Chem.rdchem.Mol object at 0x000002B570D776F0>
20,20.91691,9.393446,0,O=C(NCCCN1C(C)=CN=C1)N(C(C)C)C2=CC=C(OCCN3CCN(C)CC3)C(OC)=C2,8.585026652,<rdkit.Chem.rdchem.Mol object at 0x000002B570D77680>
21,16.12549,12.339627,0,O=C(NCCCN1C=NC=C1C)N(CC2=CC=C(F)C=C2)C3=CC=C(OCCN4CCOCC4)C(OC)=C3,8.585026652,<rdkit.Chem.rdchem.Mol object at 0x000002B570D77610>
22,21.027294,4.4990087,0,O=C(NCCCN1C(C)=CN=C1)N(C2CCCCC2)C3=CC=C(OCCCN(C)C)C(OC)=C3,8.568636236,<rdkit.Chem.rdchem.Mol object at 0x000002B570D775A0>
23,24.891996,11.068438,0,COC1=CC=C(N(C(C)C)C(NCCCN2C=NC=C2C)=S)C=C1OC,8.552841969,<rdkit.Chem.rdchem.Mol object at 0x000002B570D77530>
24,17.019514,5.5056887,0,O=C(NCCCN1C(C)=CN=C1)N(C2CCN(C)CC2)C3=CC=C(OCCCCC4=CC(N)=NC=C4)C(OC)=C3,8.552841969,<rdkit.Chem.rdchem.Mol object at 0x000002B570D774C0>
25,16.809204,13.789965,0,O=C(NCCCN1C=NC=C1C)N(CC2=CN=CC=C2)C3=CC=C(OCCN4CCN(C)CC4)C(OC)=C3,8.494850022,<rdkit.Chem.rdchem.Mol object at 0x000002B570D77450>
26,25.843838,14.856067,0,COC1=CC(N(CC2=CC(F)=CC=C2)C(NCCCN3C=NC=C3C)=S)=CC=C1OC,8.468521083,<rdkit.Chem.rdchem.Mol object at 0x000002B570D773E0>
27,14.437386,8.200253,0,O=C(NCCCN1C(C)=CN=C1)N(CC2CCCC2)C3=CC=C(OCCCCC4=CC(N)=NC=C4)C(OC)=C3,8.468521083,<rdkit.Chem.rdchem.Mol object at 0x000002B570D77370>
28,9.171699,8.195991,0,O=C(NCCCC1=CC(N=CN2)=C2C=C1)N(CC3=CC=C(F)C=C3)C4=CC=C(OCCCCC5=CC=NC(N)=C5)C(OC)=C4,8.468521083,<rdkit.Chem.rdchem.Mol object at 0x000002B570D77300>
29,25.91016,14.827746,0,COC1=CC=C(N(C(NCCCN2C=NC=C2C)=S)CC3=CC=CC(Cl)=C3)C=C1OC,8.455931956,<rdkit.Chem.rdchem.Mol object at 0x000002B570D77290>
30,16.072876,12.42831,0,O=C(NCCCN1C=NC=C1C)N(CC2=CC=C(F)C=C2)C3=CC=C(OCCN4CCN(C)CC4)C(OC)=C3,8.455931956,<rdkit.Chem.rdchem.Mol object at 0x000002B570D77220>
32,21.71938,17.654642,0,COC1=CC=C(N(CCCCC2=CC=NC(N)=C2)C(NCCCN3C=NC=C3C)=O)C=C1OC,8.443697499,<rdkit.Chem.rdchem.Mol object at 0x000002B570D77140>
33,16.52468,5.0330267,0,O=C(NCCCN1C(C)=CN=C1)N(C2CCCCC2)C3=CC=C(OCCCCC4=CC(N)=NC=C4)C(OC)=C3,8.443697499,<rdkit.Chem.rdchem.Mol object at 0x000002B570D770D0>
36,18.329205,5.0491633,0,O=C(NCCCN1C(C)=CN=C1)N(C2CCN(C)CC2)C3=CC=C(OCCC4=CC=NC(N)=C4)C(OC)=C3,8.420216403,<rdkit.Chem.rdchem.Mol object at 0x000002B570D76F80>
37,17.14971,13.441116,0,O=C(NCCCN1C=NC=C1C)N(CC2=CN=CC=C2)C3=CC=C(OCCN4CCNCC4)C(OC)=C3,8.420216403,<rdkit.Chem.rdchem.Mol object at 0x000002B570D76F10>
38,18.828495,14.955639,0,COC1=CC=C(N(CC2=CC=C(F)C=C2)C(NCCCN3C=NC=C3C)=O)C=C1OC,8.408935393,<rdkit.Chem.rdchem.Mol object at 0x000002B570D76EA0>
39,19.88098,10.679717,0,O=C(NCCCN1C(C)=CN=C1)N(C2=CC=CC=C2)C3=CC=C(OCCN4CCNCC4)C(OC)=C3,8.408935393,<rdkit.Chem.rdchem.Mol object at 0x000002B570D76E30>
40,10.128735,6.4536133,0,O=C(NCCCC1=CC(N=CN2)=C2C=C1)N(C3CCCCC3)C4=CC=C(OCCCCC5=CC=NC(N)=C5)C(OC)=C4,8.397940009,<rdkit.Chem.rdchem.Mol object at 0x000002B570D76DC0>
100,26.218533,12.313988,0,COC1=CC=C(N(CC2CCCC2)C(NCCCN3C=NC=C3C)=S)C=C1OC,8.387216143,<rdkit.Chem.rdchem.Mol object at 0x000002B570D75380>
102,20.609533,4.1629176,0,O=C(NCCCN1C(C)=CN=C1)N(C2CCCCC2)C3=CC=C(OCCCCN(C)C)C(OC)=C3,8.37675071,<rdkit.Chem.rdchem.Mol object at 0x000002B570D752A0>
103,14.424898,10.229157,0,O=C(NCCCN1C=NC=C1C)N(CC2=CC=C(F)C=C2)C3=CC=C(OCCCCC4=CC=NC(N)=C4)C(OC)=C3,8.366531544,<rdkit.Chem.rdchem.Mol object at 0x000002B570D75230>
104,16.897503,13.78499,0,O=C(NCCCN1C=NC=C1C)N(CC2=CN=CC=C2)C3=CC=C(OCCN4CCOCC4)C(OC)=C3,8.356547324,<rdkit.Chem.rdchem.Mol object at 0x000002B570D751C0>
107,22.787199,5.6969666,0,COC1=CC=C(N(C2CCCCC2)C(NCCCN3C=NC=C3C)=O)C=C1OC,8.346787486,<rdkit.Chem.rdchem.Mol object at 0x000002B570D75070>
109,25.9294,14.094971,0,COC1=CC=C(N(CC2=CC=CC=C2)C(NCCCN3C=NC=C3C)=S)C=C1OC,8.337242168,<rdkit.Chem.rdchem.Mol object at 0x000002B570D74F90>
110,25.611647,8.927529,0,COC1=CC=C(N(C2CCCCC2)C(NCCCN3C=NC=C3C)=S)C=C1OC,8.327902142,<rdkit.Chem.rdchem.Mol object at 0x000002B570D74F20>
111,16.207916,5.673395,0,O=C(NCCCN1C(C)=CN=C1)N(C2CC2)C3=CC=C(OCCCCC4=CC(N)=NC=C4)C(OC)=C3,8.327902142,<rdkit.Chem.rdchem.Mol object at 0x000002B570D74EB0>
114,18.649265,10.642509,0,O=C(NCCCN1C(C)=CN=C1)N(CC)C2=CC=C(OCCN3CCNCC3)C(OC)=C2,8.318758763,<rdkit.Chem.rdchem.Mol object at 0x000002B570D74D60>
115,16.245724,5.443073,0,O=C(NCCCN1C(C)=CN=C1)N(C2CCC2)C3=CC=C(OCCCCC4=CC(N)=NC=C4)C(OC)=C3,8.301029996,<rdkit.Chem.rdchem.Mol object at 0x000002B570D74CF0>
116,26.462294,14.176458,0,COC1=CC=C(N(C(NCCCN2C=NC=C2C)=S)CC3=CC=C(Cl)C=C3)C=C1OC,8.283996656,<rdkit.Chem.rdchem.Mol object at 0x000002B570D74C80>
118,25.48167,14.303823,0,COC1=CC=C(N(CC2=CC=CN=C2)C(NCCCN3C=NC=C3C)=S)C=C1OC,8.26760624,<rdkit.Chem.rdchem.Mol object at 0x000002B570D74BA0>
121,20.566698,9.579545,0,O=C(NCCCN1C(C)=CN=C1)N(C(C)C)C2=CC=C(OCCN3CCNCC3)C(OC)=C2,8.259637311,<rdkit.Chem.rdchem.Mol object at 0x000002B570D74A50>
122,26.037878,13.880371,0,COC1=CC=C(N(CC2=CC=NC=C2)C(NCCCN3C=NC=C3C)=S)C=C1OC,8.251811973,<rdkit.Chem.rdchem.Mol object at 0x000002B570D74430>
125,22.93404,4.9149523,0,COC1=CC=C(N(C(NCCCN2C=NC=C2C)=O)C3CCN(C)CC3)C=C1OC,8.214670165,<rdkit.Chem.rdchem.Mol object at 0x000002B570D742E0>
127,19.940966,12.92649,0,COC1=CC=C(N(CC2CCCC2)C(NCCCN3C=NC=C3C)=O)C=C1OC,8.207608311,<rdkit.Chem.rdchem.Mol object at 0x000002B570D74350>
129,25.609537,8.998046,0,COC1=CC=C(N(C2CCCC2)C(NCCCN3C=NC=C3C)=S)C=C1OC,8.187086643,<rdkit.Chem.rdchem.Mol object at 0x000002B570D747B0>
130,25.394365,12.799472,0,COC1=CC=C(N(CC(C)C)C(NCCCN2C=NC=C2C)=S)C=C1OC,8.167491087,<rdkit.Chem.rdchem.Mol object at 0x000002B570D74510>
132,16.320536,5.1972594,0,O=C(NCCCN1C(C)=CN=C1)N(C2CCCC2)C3=CC=C(OCCCCC4=CC(N)=NC=C4)C(OC)=C3,8.161150909,<rdkit.Chem.rdchem.Mol object at 0x000002B570D74580>
137,14.845382,6.3734818,0,O=C(NCCCN1C(C)=CN=C1)N(C(C)C)C2=CC=C(OCCCCC3=CC(N)=NC=C3)C(OC)=C2,8.13667714,<rdkit.Chem.rdchem.Mol object at 0x000002B570D74190>
140,24.684662,4.6239767,0,COC1=CC=C(N(C2CCN(CC3=CC=CC=C3)CC2)C(NCCCN4C=NC=C4C)=O)C=C1OC,8.124938737,<rdkit.Chem.rdchem.Mol object at 0x000002B570D746D0>
141,21.24257,14.44407,0,COC1=CC=C(N(CC(C)C)C(NCCCN2C=NC=C2C)=O)C=C1OC,8.119186408,<rdkit.Chem.rdchem.Mol object at 0x000002B570D74740>
142,12.8608,1.8773878,0,O=C(NCCCN1C(C)=CN=C1)C2(CC2)C3=CC=C(OCCCCC4=CC(N)=NC=C4)C(OC)=C3,8.119186408,<rdkit.Chem.rdchem.Mol object at 0x000002B570DA2FF0>
150,14.943898,12.657953,0,O=C(NCCCN1C=NC=C1C)N(CC2=CC=C(F)C=C2)C3=CC=C(OCCCCN(C)C)C(OC)=C3,8.102372909,<rdkit.Chem.rdchem.Mol object at 0x000002B570DA2C70>
152,23.853785,6.213314,0,COC1=CC=C(N(C2CCNCC2)C(NCCCN3C=NC=C3C)=O)C=C1OC,8.086186148,<rdkit.Chem.rdchem.Mol object at 0x000002B570DA2B90>
156,25.598326,9.170043,0,COC1=CC=C(N(C2CCC2)C(NCCCN3C=NC=C3C)=S)C=C1OC,8.065501549,<rdkit.Chem.rdchem.Mol object at 0x000002B570DA29D0>
157,21.199543,4.984796,0,O=C(NCCCN1C(C)=CN=C1)N(C2CCCCC2)C3=CC=C(OCCN(C)C)C(OC)=C3,8.065501549,<rdkit.Chem.rdchem.Mol object at 0x000002B570DA2960>
159,18.084213,15.47669,0,COC1=CC=C(N(CC2=CC=CN=C2)C(NCCCN3C=NC=C3C)=O)C=C1OC,8.060480747,<rdkit.Chem.rdchem.Mol object at 0x000002B570DA2880>
162,25.517252,12.796389,0,CC1=CN=CN1CCCNC(N(CC)C2=CC(OC)=C(OC)C=C2)=S,8.055517328,<rdkit.Chem.rdchem.Mol object at 0x000002B570DA2730>
163,13.75503,5.783563,0,S=C(NCCCN1C(C)=CN=C1)N(C2=CC=C(OCCCCC3=CC(N)=NC=C3)C(OC)=C2)C,8.050609993,<rdkit.Chem.rdchem.Mol object at 0x000002B570DA26C0>
164,20.948097,6.553539,0,O=C(NCCCN1C(C)=CN=C1)N(C2CCCCC2)C3=CC=C(OCCN4CCOCC4)C(OC)=C3,8.050609993,<rdkit.Chem.rdchem.Mol object at 0x000002B570DA2650>
168,9.61893,6.343666,0,O=C(NCCCC1=CC(N=CN2)=C2C=C1)N(C3CCC3)C4=CC=C(OCCCCC5=CC=NC(N)=C5)C(OC)=C4,8.045757491,<rdkit.Chem.rdchem.Mol object at 0x000002B570DA2490>
171,14.635176,6.888121,0,O=C(NCCCN1C(C)=CN=C1)N(C)C2=CC=C(OCCCCC3=CC(N)=NC=C3)C(OC)=C2,8.036212173,<rdkit.Chem.rdchem.Mol object at 0x000002B570DA2340>
172,15.44479,7.3979936,0,O=C(NCCCN1C(C)=CN=C1)N(C2=CC=CC=C2)C3=CC=C(OCCCCC4=CC(N)=NC=C4)C(OC)=C3,8.031517051,<rdkit.Chem.rdchem.Mol object at 0x000002B570DA22D0>
174,8.633378,8.0391655,0,O=C(NCCCC1=CC(N=CN2)=C2C=C1)N(CC3=CN=CC=C3)C4=CC=C(OCCCCC5=CC=NC(N)=C5)C(OC)=C4,8.022276395,<rdkit.Chem.rdchem.Mol object at 0x000002B570DA21F0>
177,10.024509,5.8489785,0,O=C(NCCCC1=CC(N=CN2)=C2C=C1)N(C3CCN(C)CC3)C4=CC=C(OCCCCC5=CC=NC(N)=C5)C(OC)=C4,8.004364805,<rdkit.Chem.rdchem.Mol object at 0x000002B570DA20A0>
181,12.909972,1.7861071,0,O=C(NCCCN1C(C)=CN=C1)C2(CCC2)C3=CC=C(OCCCCC4=CC(N)=NC=C4)C(OC)=C3,7.962573502,<rdkit.Chem.rdchem.Mol object at 0x000002B570DA1EE0>
183,19.500309,15.425009,0,COC1=CC=C(N(CC2=CC=NC=C2)C(NCCCN3C=NC=C3C)=O)C=C1OC,7.958607315,<rdkit.Chem.rdchem.Mol object at 0x000002B570DA1E00>
184,13.631944,6.380496,0,S=C(NCCCN1C(C)=CN=C1)N(C2=CC=C(OCCCCC3=CC(N)=NC=C3)C(OC)=C2)CC,7.958607315,<rdkit.Chem.rdchem.Mol object at 0x000002B570DA1D90>
190,15.047044,13.04005,0,O=C(NCCCN1C=NC=C1C)N(CC2=CC=C(F)C=C2)C3=CC=C(OCCCN(C)C)C(OC)=C3,7.924453039,<rdkit.Chem.rdchem.Mol object at 0x000002B570DA1AF0>
194,24.678356,11.707732,0,COC1=CC=C(N(C)C(NCCCN2C=NC=C2C)=S)C=C1OC,7.906578315,<rdkit.Chem.rdchem.Mol object at 0x000002B570DA1930>
197,19.150097,15.496251,0,COC1=CC=C(N(C(NCCCN2C=NC=C2C)=O)CC3=CC=C(Cl)C=C3)C=C1OC,7.903089987,<rdkit.Chem.rdchem.Mol object at 0x000002B570DA17E0>
198,8.76054,6.705589,0,O=C(NCCCC1=CC(N=CN2)=C2C=C1)N(C(C)C)C3=CC=C(OCCCCC4=CC=NC(N)=C4)C(OC)=C3,7.899629455,<rdkit.Chem.rdchem.Mol object at 0x000002B570DA1770>
199,9.984337,6.486302,0,O=C(NCCCC1=CC(N=CN2)=C2C=C1)N(C3CCCC3)C4=CC=C(OCCCCC5=CC=NC(N)=C5)C(OC)=C4,7.899629455,<rdkit.Chem.rdchem.Mol object at 0x000002B570DA1700>
201,15.979189,14.57042,0,O=C(NCCCN1C=NC=C1C)N(CC2=CN=CC=C2)C3=CC=C(OCCCCN(C)C)C(OC)=C3,7.89279003,<rdkit.Chem.rdchem.Mol object at 0x000002B570DA1620>
203,19.912132,16.00012,0,COC1=CC=C(N(C(NCCCN2C=NC=C2C)=O)CC3=CC=CC(Cl)=C3)C=C1OC,7.88941029,<rdkit.Chem.rdchem.Mol object at 0x000002B570DA1540>
206,19.599743,15.240401,0,COC1=CC=C(N(CC2=CC=CC=C2)C(NCCCN3C=NC=C3C)=O)C=C1OC,7.876148359,<rdkit.Chem.rdchem.Mol object at 0x000002B570DA13F0>
207,20.209589,5.184257,0,O=C(NCCCN1C(C)=CN=C1)N(C2CCN(C)CC2)C3=CC=C(OCCN(C)C)C(OC)=C3,7.876148359,<rdkit.Chem.rdchem.Mol object at 0x000002B570DA1380>
210,19.071661,9.667969,0,O=C(NCCCN1C(C)=CN=C1)N(C)C2=CC=C(OCCN3CCNCC3)C(OC)=C2,7.872895202,<rdkit.Chem.rdchem.Mol object at 0x000002B570DA1230>
211,24.796587,4.4595094,0,COC1=CC=C(N(C2CCN(CC3=CC=C(F)C=C3)CC2)C(NCCCN4C=NC=C4C)=O)C=C1OC,7.866461092,<rdkit.Chem.rdchem.Mol object at 0x000002B570DA11C0>
215,14.308421,7.643547,0,O=C(NCCCN1C(C)=CN=C1)N(CC)C2=CC=C(OCCCCC3=CC(N)=NC=C3)C(OC)=C2,7.847711656,<rdkit.Chem.rdchem.Mol object at 0x000002B570DA1000>
217,15.235936,2.1070545,0,CC(C)(C1=CC=C(OCCCCC2=CC(N)=NC=C2)C(OC)=C1)C(NCCCN3C(C)=CN=C3)=O,7.835647144,<rdkit.Chem.rdchem.Mol object at 0x000002B570DA0F20>
221,22.468348,15.6866045,0,COC1=CC=C(N(CCN2CCNCC2)C(NCCCN3C=NC=C3C)=O)C=C1OC,7.823908741,<rdkit.Chem.rdchem.Mol object at 0x000002B570DA0D60>
223,19.071966,9.385052,0,O=C(NCCCN1C(C)=CN=C1)N(C)C2=CC=C(OCCN3CCOCC3)C(OC)=C2,7.821023053,<rdkit.Chem.rdchem.Mol object at 0x000002B570DA0C80>
226,19.9982,4.883531,0,O=C(NCCCN1C(C)=CN=C1)N(C2CCN(C)CC2)C3=CC=C(OCCCN(C)C)C(OC)=C3,7.809668302,<rdkit.Chem.rdchem.Mol object at 0x000002B570DA0B30>
233,23.544039,4.1627436,0,COC1=C(OC)C=CC(N(C(NCCCN2C=NC=C2C)=O)C3CCN(C4=CC=CC=C4)CC3)=C1,7.785156152,<rdkit.Chem.rdchem.Mol object at 0x000002B570DA0820>
238,9.761814,7.5870786,0,O=C(NCCCC1=CC(N=CN2)=C2C=C1)N(CC3CCCC3)C4=CC=C(OCCCCC5=CC=NC(N)=C5)C(OC)=C4,7.76700389,<rdkit.Chem.rdchem.Mol object at 0x000002B570DA05F0>
242,22.22332,10.113833,0,COC1=CC=C(N(C(C)C)C(NCCCN2C=NC=C2C)=O)C=C1OC,7.756961951,<rdkit.Chem.rdchem.Mol object at 0x000002B570DA0430>
243,19.793999,16.698608,0,CC1=CN=CN1CCCNC(N(CC2=CC=NC(N)=C2)C3=CC=C(OC)C(OC)=C3)=O,7.754487332,<rdkit.Chem.rdchem.Mol object at 0x000002B570DA03C0>
245,15.273736,12.956128,0,O=C(NCCCN1C=NC=C1C)N(CC2=CC=C(F)C=C2)C3=CC=C(OCCN(C)C)C(OC)=C3,7.73754891,<rdkit.Chem.rdchem.Mol object at 0x000002B570DA02E0>
250,5.6103,-7.6653314,0,O=C(NCCCN1C(C)=CN=C1)NC2=CC=C(OCCN3CCOCC3)C(OC)=C2,7.728158393,<rdkit.Chem.rdchem.Mol object at 0x000002B570DA00B0>
254,16.454218,14.717735,0,O=C(NCCCN1C=NC=C1C)N(CC2=CN=CC=C2)C3=CC=C(OCCN(C)C)C(OC)=C3,7.714442691,<rdkit.Chem.rdchem.Mol object at 0x000002B570AAC430>
256,23.089489,5.8907576,0,COC1=CC=C(N(C2CCCC2)C(NCCCN3C=NC=C3C)=O)C=C1OC,7.71219827,<rdkit.Chem.rdchem.Mol object at 0x000002B570CCFD10>
258,9.557703,5.9920826,0,O=C(NCCCC1=CC(N=CN2)=C2C=C1)N(C3CCNCC3)C4=CC=C(OCCCCC5=CC=NC(N)=C5)C(OC)=C4,7.698970004,<rdkit.Chem.rdchem.Mol object at 0x000002B5022D9A10>
261,20.044468,15.983285,0,COC1=CC(N(CC2=CC(F)=CC=C2)C(NCCCN3C=NC=C3C)=O)=CC=C1OC,7.688246139,<rdkit.Chem.rdchem.Mol object at 0x000002B5022D9B60>
263,20.770573,9.384169,0,O=C(NCCCN1C(C)=CN=C1)N(C(C)C)C2=CC=C(OCCN3CCOCC3)C(OC)=C2,7.681936665,<rdkit.Chem.rdchem.Mol object at 0x000002B5022D9C40>
265,8.921595,8.020028,0,O=C(NCCCC1=CC(N=CN2)=C2C=C1)N(CC3=CC=CC=C3)C4=CC=C(OCCCCC5=CC=NC(N)=C5)C(OC)=C4,7.66756154,<rdkit.Chem.rdchem.Mol object at 0x000002B5022D9D20>
269,13.868558,-0.75987214,0,O=C(NCCCN1C(C)=CN=C1)C2(CCCC2)C3=CC=C(OC)C(OC)=C3,7.640164518,<rdkit.Chem.rdchem.Mol object at 0x000002B5022D9EE0>
270,24.953932,5.078707,0,CC1=CN=CN1CCCNC(N(C2CCN(CC3=CC=CN=C3)CC2)C4=CC=C(OC)C(OC)=C4)=O,7.632644079,<rdkit.Chem.rdchem.Mol object at 0x000002B5022D9F50>
273,18.827776,16.354483,0,CC1=CN=CN1CCCNC(N(CC2=CC=C(N)N=C2)C3=CC=C(OC)C(OC)=C3)=O,7.628932138,<rdkit.Chem.rdchem.Mol object at 0x000002B5022DA0A0>
274,12.910043,1.7615733,0,O=C(NCCCN1C(C)=CN=C1)C2(CCCC2)C3=CC=C(OCCCCC4=CC(N)=NC=C4)C(OC)=C3,7.623423043,<rdkit.Chem.rdchem.Mol object at 0x000002B5022DA110>
275,7.7289057,6.6130996,0,O=C(NCCCC1=CC(N=CN2)=C2C=C1)C(C)(C)C3=CC=C(OCCCCC4=CC=NC(N)=C4)C(OC)=C3,7.619788758,<rdkit.Chem.rdchem.Mol object at 0x000002B5022DA180>
276,13.945821,-0.8399604,0,O=C(NCCCN1C(C)=CN=C1)C2(CC2)C3=CC=C(OC)C(OC)=C3,7.614393726,<rdkit.Chem.rdchem.Mol object at 0x000002B5022DA1F0>
279,22.459541,15.695837,0,COC1=CC=C(N(CCN2CCOCC2)C(NCCCN3C=NC=C3C)=O)C=C1OC,7.602059991,<rdkit.Chem.rdchem.Mol object at 0x000002B5022DA340>
280,25.653854,9.309175,0,COC1=CC=C(N(C2CC2)C(NCCCN3C=NC=C3C)=S)C=C1OC,7.591760035,<rdkit.Chem.rdchem.Mol object at 0x000002B5022DA3B0>
282,9.11709,7.3774505,0,O=C(NCCCC1=CC(N=CN2)=C2C=C1)N(CC)C3=CC=C(OCCCCC4=CC=NC(N)=C4)C(OC)=C3,7.585026652,<rdkit.Chem.rdchem.Mol object at 0x000002B5022DA490>
284,23.288311,5.7217793,0,COC1=CC=C(N(C2CCC2)C(NCCCN3C=NC=C3C)=O)C=C1OC,7.576754126,<rdkit.Chem.rdchem.Mol object at 0x000002B5022DA570>
286,21.136269,14.315783,0,COC1=CC=C(N(CC)C(NCCCN2C=NC=C2C)=O)C=C1OC,7.568636236,<rdkit.Chem.rdchem.Mol object at 0x000002B5022DA650>
287,7.928847,5.9407334,0,O=C(NCCCC1=CC(N=CN2)=C2C=C1)NC3=CC=C(OCCCCC4=CC=NC(N)=C4)C(OC)=C3,7.567030709,<rdkit.Chem.rdchem.Mol object at 0x000002B5022DA6C0>
290,18.530186,16.319359,0,COC1=C(OC)C=CC(N(C(NCCCN2C=NC=C2C)=O)CC3=CC=C(F)N=C3)=C1,7.514278574,<rdkit.Chem.rdchem.Mol object at 0x000002B5022DA810>
292,18.73231,16.478241,0,O=C(N(CC1=CC=C(Cl)N=C1)C2=CC(OC)=C(OC)C=C2)NCCCN3C=NC=C3C,7.488116639,<rdkit.Chem.rdchem.Mol object at 0x000002B5022DA8F0>
293,19.917196,6.3150005,0,O=C(NCCCN1C(C)=CN=C1)N(C2CCN(C)CC2)C3=CC=C(OCCN4CCOCC4)C(OC)=C3,7.48148606,<rdkit.Chem.rdchem.Mol object at 0x000002B5022DA960>
294,16.1486,14.681024,0,O=C(NCCCN1C=NC=C1C)N(CC2=CN=CC=C2)C3=CC=C(OCCCN(C)C)C(OC)=C3,7.467245621,<rdkit.Chem.rdchem.Mol object at 0x000002B5022DA9D0>
297,8.615456,6.9549255,0,O=C(NCCCC1=CC(N=CN2)=C2C=C1)N(C)C3=CC=C(OCCCCC4=CC=NC(N)=C4)C(OC)=C3,7.447331784,<rdkit.Chem.rdchem.Mol object at 0x000002B5022DAB20>
298,21.569809,17.389147,0,COC1=CC=C(N(CCC2=CC=NC(N)=C2)C(NCCCN3C=NC=C3C)=O)C=C1OC,7.432973634,<rdkit.Chem.rdchem.Mol object at 0x000002B5022DAB90>
299,13.895586,-0.77505827,0,O=C(NCCCN1C(C)=CN=C1)C2(CCC2)C3=CC=C(OC)C(OC)=C3,7.43062609,<rdkit.Chem.rdchem.Mol object at 0x000002B5022DAC00>
300,23.669884,5.740203,0,COC1=CC=C(N(C2CC2)C(NCCCN3C=NC=C3C)=O)C=C1OC,7.41453927,<rdkit.Chem.rdchem.Mol object at 0x000002B5022DAC70>
303,29.369083,9.873582,0,O=C(NCCCN1C(C)=CN=C1)C(CC2=CC=CC=C2)C3=CC=C(OC)C(OC)=C3,7.408935393,<rdkit.Chem.rdchem.Mol object at 0x000002B5022DADC0>
305,6.8041964,-7.617577,0,O=C(NCCCN1C(C)=CN=C1)NC2=CC=C(OCCCCN(C)C)C(OC)=C2,7.401209493,<rdkit.Chem.rdchem.Mol object at 0x000002B5022DAEA0>
403,8.421624,5.4000015,0,O=C(NCCCC1=CC(N=CN2)=C2C=C1)C3(CC3)C4=CC=C(OCCCCC5=CC=NC(N)=C5)C(OC)=C4,7.374687549,<rdkit.Chem.rdchem.Mol object at 0x000002B570D91AF0>
411,23.595877,4.883426,0,CC1=CN=CN1CCCNC(N(C2CCN(C(C)=O)CC2)C3=CC=C(OC)C(OC)=C3)=O,7.268411235,<rdkit.Chem.rdchem.Mol object at 0x000002B570D91770>
415,22.250301,12.352145,0,CC1=CN=CN1CCCNC(N(C2=NC=CO2)C3=CC=C(OC)C(OC)=C3)=O,7.15739076,<rdkit.Chem.rdchem.Mol object at 0x000002B570D915B0>
418,15.550684,1.7115215,0,O=C(NCCCN1C(C)=CN=C1)C(C)(C)C2=CC=C(OC)C(OC)=C2,7.111820506,<rdkit.Chem.rdchem.Mol object at 0x000002B570D91460>
419,13.870509,-0.7824633,0,O=C(NCCCN1C(C)=CN=C1)C2(CCCCC2)C3=CC=C(OC)C(OC)=C3,7.110698297,<rdkit.Chem.rdchem.Mol object at 0x000002B570D913F0>
420,23.088388,11.2279625,0,COC1=CC=C(N(C)C(NCCCN2C=NC=C2C)=O)C=C1OC,7.104025268,<rdkit.Chem.rdchem.Mol object at 0x000002B570D91380>
421,24.065771,5.170604,0,CC1=CN=CN1CCCNC(N(C2CCN(CC)CC2)C3=CC(OC)=C(OC)C=C3)=O,7.091514981,<rdkit.Chem.rdchem.Mol object at 0x000002B570D91310>
422,29.37198,9.875014,0,O=C(NCCCN1C(C)=CN=C1)C(CC2=CN=CC=C2)C3=CC=C(OC)C(OC)=C3,7.088309841,<rdkit.Chem.rdchem.Mol object at 0x000002B570D912A0>
424,17.776463,-6.953045,0,CC1=CN=CN1CCCN2C(C(C=CC=C3)=C3NC2=S)=O,7.034798299,<rdkit.Chem.rdchem.Mol object at 0x000002B570D911C0>
425,21.837103,12.106362,0,COC1=CC=C(N(C2=CC=CC=C2)C(NCCCN3C=NC=C3C)=O)C=C1OC,7.031517051,<rdkit.Chem.rdchem.Mol object at 0x000002B570D91150>
426,17.767038,-6.9741316,0,CC1=CN=CN1CCCN2C(C(C=C(CC3=CC=CC=C3)S4)=C4NC2=S)=O,7.016824928,<rdkit.Chem.rdchem.Mol object at 0x000002B570D910E0>
427,22.116495,12.332874,0,COC1=CC=C(N(C2=NC=CS2)C(NCCCN3C=NC=C3C)=O)C=C1OC,7.005243055,<rdkit.Chem.rdchem.Mol object at 0x000002B570D91070>
4,2.3541574,-13.968628,1,S=C(NCCCN1C(C)=CN=C1)NC2=CC=C(OCCN3CCNCC3)C(OC)=C2,9.15490196,<rdkit.Chem.rdchem.Mol object at 0x000002B570D77D80>
18,11.433069,-12.8164215,1,S=C(NCCCN1C(C)=CN=C1)NC2=CC=C(OCCCCC3=CC(NCCN)=NC=C3)C(OC)=C2,8.744727495,<rdkit.Chem.rdchem.Mol object at 0x000002B570D77760>
31,0.09761947,-13.61018,1,S=C(NCCCN1C(C)=CN=C1)NC2=CC=C(OCCN3CCN(CCOCCN)CC3)C(OC)=C2,8.443697499,<rdkit.Chem.rdchem.Mol object at 0x000002B570D771B0>
34,5.6265945,-16.180513,1,CC1=CN=CN1CCCNC(NC2=CC(OC)=C(OCCCCN(C)C)C=C2)=S,8.431798276,<rdkit.Chem.rdchem.Mol object at 0x000002B570D77060>
35,0.8173716,-16.237068,1,S=C(NCCCN1C(C)=CN=C1)NC2=CC=C(OCCCN3CCN(CCN)CC3)C(OC)=C2,8.420216403,<rdkit.Chem.rdchem.Mol object at 0x000002B570D76FF0>
101,10.745711,-14.275525,1,S=C(NCCCN1C(C)=CN=C1)NC2=CC=C(OCCCCC3=CC(N)=NC=C3)C(OC)=C2,8.37675071,<rdkit.Chem.rdchem.Mol object at 0x000002B570D75310>
105,10.747249,-14.278608,1,CC1=CN=CN1CCCNC(NC2=CC(OC)=C(OCCCCC3=CC=NC(N)=C3)C=C2)=S,8.346787486,<rdkit.Chem.rdchem.Mol object at 0x000002B570D75150>
106,2.2591434,-23.834713,1,S=C(NCCCN1C(C)=CN=C1)NC2=CC=C(OCC(NC3CCN(CCN)CC3)=O)C(OC)=C2,8.346787486,<rdkit.Chem.rdchem.Mol object at 0x000002B570D750E0>
108,6.834284,-23.299091,1,COC1=CC(NC(NCCCN2C=NC=C2C)=S)=CC=C1OCCC3CCN(C)CC3,8.337242168,<rdkit.Chem.rdchem.Mol object at 0x000002B570D75000>
112,1.5655693,-18.148478,1,CC1=CN=CN1CCCNC(NC2=CC(OC)=C(OCCCCN3CCNCC3)C=C2)=S,8.318758763,<rdkit.Chem.rdchem.Mol object at 0x000002B570D74E40>
113,0.31079167,-17.712036,1,S=C(NCCCN1C(C)=CN=C1)NC2=CC=C(OCCCCN3CCN(CCO)CC3)C(OC)=C2,8.318758763,<rdkit.Chem.rdchem.Mol object at 0x000002B570D74DD0>
117,5.9175315,-17.204166,1,CC1=CN=CN1CCCNC(NC2=CC(OC)=C(OCCCN)C=C2)=S,8.27572413,<rdkit.Chem.rdchem.Mol object at 0x000002B570D74C10>
119,10.582784,-16.016418,1,COC1=CC(NC(NCCCN2C=NC=C2C)=S)=CC=C1OCCC3=CC=NC(N)=C3,8.259637311,<rdkit.Chem.rdchem.Mol object at 0x000002B570D74B30>
120,3.673544,-22.254988,1,S=C(NCCCN1C(C)=CN=C1)NC2=CC=C(OCCC(NC3CCNCC3)=O)C(OC)=C2,8.259637311,<rdkit.Chem.rdchem.Mol object at 0x000002B570D74AC0>
123,8.715818,-19.078026,1,COC1=CC(NC(NCCCN2C=NC=C2C)=S)=CC=C1OCCCCNC3=NC=CC=N3,8.244125144,<rdkit.Chem.rdchem.Mol object at 0x000002B570D74120>
124,3.631926,-14.416644,1,S=C(NCCCN1C(C)=CN=C1)NC2=CC=C(OCCN3CCNCC3C)C(OC)=C2,8.236572006,<rdkit.Chem.rdchem.Mol object at 0x000002B570D744A0>
126,-1.9507982,-21.408356,1,S=C(NCCCN1C(C)=CN=C1)NC2=CC=C(OCC3=CC=C(C4CCNCC4)C=C3)C(OC)=C2,8.207608311,<rdkit.Chem.rdchem.Mol object at 0x000002B570D74660>
128,1.6289287,-28.288486,1,S=C(NCCCN1C(C)=CN=C1)NC2=CC=C(/C=C/C(N3CCN(CCN)CC3)=O)C=C2,8.193820026,<rdkit.Chem.rdchem.Mol object at 0x000002B570D74200>
131,6.51569,-17.875246,1,CC1=CN=CN1CCCNC(NC2=CC(OC)=C(OCCCNC)C=C2)=S,8.161150909,<rdkit.Chem.rdchem.Mol object at 0x000002B570D74890>
133,2.7550523,-20.2461,1,S=C(NCCCN1C(C)=CN=C1)NC2=CC=C(OCCCC(N3CCNCC3)=O)C(OC)=C2,8.15490196,<rdkit.Chem.rdchem.Mol object at 0x000002B570D740B0>
134,7.4118576,-21.979403,1,COC1=CC(NC(NCCCN2C=NC=C2C)=S)=CC=C1OCCCC3CCNCC3,8.142667504,<rdkit.Chem.rdchem.Mol object at 0x000002B570D74270>
135,1.4393308,-13.166008,1,COC1=CC(NC(NCCCN2C=NC=C2C)=S)=CC=C1OCCN3CCN(C)CC3,8.13667714,<rdkit.Chem.rdchem.Mol object at 0x000002B570D743C0>
136,9.805532,-23.01167,1,S=C(NCCCN1C(C)=CN=C1)NC2=CC=C(OC)C(OCCC3CCNCC3)=C2,8.13667714,<rdkit.Chem.rdchem.Mol object at 0x000002B570D74820>
138,0.80578756,-13.451731,1,S=C(NCCCN1C(C)=CN=C1)NC2=CC=C(OCCN3CCN(CCO)CC3)C(OC)=C2,8.13076828,<rdkit.Chem.rdchem.Mol object at 0x000002B570D745F0>
139,0.8205208,-13.575264,1,S=C(NCCCN1C(C)=CN=C1)NC2=CC=C(OCCN3CCN(CCN)CC3)C(OC)=C2,8.124938737,<rdkit.Chem.rdchem.Mol object at 0x000002B570D74900>
143,8.823916,-16.147535,1,COC1=C(OCCC2=CC=C(N)C=C2)C=CC(NC(NCCCN3C=NC=C3C)=S)=C1,8.113509275,<rdkit.Chem.rdchem.Mol object at 0x000002B570DA2F80>
144,2.6968865,-20.29291,1,S=C(NCCCN1C(C)=CN=C1)NC2=CC=C(OCCC(N3CCNCC3)=O)C(OC)=C2,8.113509275,<rdkit.Chem.rdchem.Mol object at 0x000002B570DA2F10>
145,7.391034,-21.719885,1,COC1=CC(NC(NCCCN2C=NC=C2C)=S)=CC=C1OCCCCC3CCNCC3,8.107905397,<rdkit.Chem.rdchem.Mol object at 0x000002B570DA2EA0>
146,0.8216808,-21.340248,1,S=C(NCCCN1C(C)=CN=C1)NC2=CC=C(OCC(N3CCN(CCN)CC3)=O)C(OC)=C2,8.107905397,<rdkit.Chem.rdchem.Mol object at 0x000002B570DA2E30>
147,12.337927,-20.966429,1,S=C(NCCCN1C(C)=CN=C1)NC2=CC=C(OC)C(OCCN)=C2,8.102372909,<rdkit.Chem.rdchem.Mol object at 0x000002B570DA2DC0>
148,9.999776,-22.206718,1,S=C(NCCCN1C(C)=CN=C1)NC2=CC=C(OC)C(OCCCCC3CCNCC3)=C2,8.102372909,<rdkit.Chem.rdchem.Mol object at 0x000002B570DA2D50>
149,3.2461166,-26.542103,1,S=C(NCCCN1C(C)=CN=C1)NC2=CC=C(OCC(NC3CCN(CCN)CC3)=O)C=C2,8.102372909,<rdkit.Chem.rdchem.Mol object at 0x000002B570DA2CE0>
151,0.76086366,-17.96295,1,CC1=CN=CN1CCCNC(NC2=CC(OC)=C(OCCCCN3CCN(C)CC3)C=C2)=S,8.086186148,<rdkit.Chem.rdchem.Mol object at 0x000002B570DA2C00>
153,8.876986,-14.474487,1,CC1=CN=CN1CCCNC(NC2=CC(OC)=C(OCCCCC3=CC=C(N)C=C3)C=C2)=S,8.080921908,<rdkit.Chem.rdchem.Mol object at 0x000002B570DA2B20>
154,-3.9573834,-19.539364,1,S=C(NCCCN1C(C)=CN=C1)NC2=CC=C(OC3=CC=C(N4CCNCC4)C=C3)C(OC)=C2,8.070581074,<rdkit.Chem.rdchem.Mol object at 0x000002B570DA2AB0>
155,0.31735632,-17.73068,1,S=C(NCCCN1C(C)=CN=C1)NC2=CC=C(OCCCCN3CCN(CCN)CC3)C(OC)=C2,8.065501549,<rdkit.Chem.rdchem.Mol object at 0x000002B570DA2A40>
158,11.419452,-12.808224,1,S=C(NCCCN1C(C)=CN=C1)NC2=CC=C(OCCCCC3=CC(NCCO)=NC=C3)C(OC)=C2,8.060480747,<rdkit.Chem.rdchem.Mol object at 0x000002B570DA28F0>
160,11.922338,-20.804092,1,S=C(NCCCN1C(C)=CN=C1)NC2=CC=C(OC)C(OCCCCN)=C2,8.055517328,<rdkit.Chem.rdchem.Mol object at 0x000002B570DA2810>
161,9.878949,-22.394829,1,S=C(NCCCN1C(C)=CN=C1)NC2=CC=C(OC)C(OCCCC3CCNCC3)=C2,8.055517328,<rdkit.Chem.rdchem.Mol object at 0x000002B570DA27A0>
165,8.028563,-15.290574,1,S=C(NC1=CC(OC)=C(OCCCC2=CC=C(N)C=C2)C=C1)NCCCN3C(C)=CN=C3,8.045757491,<rdkit.Chem.rdchem.Mol object at 0x000002B570DA25E0>
166,6.532948,-23.856785,1,S=C(NCCCN1C(C)=CN=C1)NC2=CC=C(OCCC3CCN(CCO)CC3)C(OC)=C2,8.045757491,<rdkit.Chem.rdchem.Mol object at 0x000002B570DA2570>
167,12.089293,-21.092915,1,S=C(NCCCN1C(C)=CN=C1)NC2=CC=C(OC)C(OCCCN)=C2,8.045757491,<rdkit.Chem.rdchem.Mol object at 0x000002B570DA2500>
169,9.144645,-14.104586,1,CC1=CN=CN1CCCNC(NC2=CC(OC)=C(OCCCCC3=CC=NC=C3)C=C2)=S,8.040958608,<rdkit.Chem.rdchem.Mol object at 0x000002B570DA2420>
170,1.5077474,-17.89426,1,CC1=CN=CN1CCCNC(NC2=CC(OC)=C(OCCCCN3CCOCC3)C=C2)=S,8.036212173,<rdkit.Chem.rdchem.Mol object at 0x000002B570DA23B0>
173,-4.1778812,-20.158318,1,S=C(NCCCN1C(C)=CN=C1)NC2=CC=C(OC3=CC=C(C4=CCNCC4)C=C3)C(OC)=C2,8.026872146,<rdkit.Chem.rdchem.Mol object at 0x000002B570DA2260>
175,3.1688075,-13.489772,1,S=C(NCCCN1C(C)=CN=C1)NC2=CC=C(OCCN3CC(C)NC(C)C3)C(OC)=C2,8.004364805,<rdkit.Chem.rdchem.Mol object at 0x000002B570DA2180>
176,-3.6021287,-20.289717,1,S=C(NCCCN1C(C)=CN=C1)NC2=CC=C(OC3=CC=C(C4CCNCC4)C=C3)C(OC)=C2,8.004364805,<rdkit.Chem.rdchem.Mol object at 0x000002B570DA2110>
178,2.7340057,-23.318275,1,S=C(NCCCN1C(C)=CN=C1)NC2=CC=C(OCC(NC3CCNCC3)=O)C(OC)=C2,7.987162775,<rdkit.Chem.rdchem.Mol object at 0x000002B570DA2030>
179,6.5272703,-23.859636,1,S=C(NCCCN1C(C)=CN=C1)NC2=CC=C(OCCC3CCN(CCN)CC3)C(OC)=C2,7.974694135,<rdkit.Chem.rdchem.Mol object at 0x000002B570DA1FC0>
180,10.741213,-15.389228,1,COC1=CC(NC(NCCCN2C=NC=C2C)=S)=CC=C1OCCCC3=CC(N)=NC=C3,7.970616222,<rdkit.Chem.rdchem.Mol object at 0x000002B570DA1F50>
182,5.5794406,-7.6921544,1,O=C(NCCCN1C(C)=CN=C1)NC2=CC=C(OCCN3CCN(C)CC3)C(OC)=C2,7.962573502,<rdkit.Chem.rdchem.Mol object at 0x000002B570DA1E70>
185,1.7147894,-27.259567,1,S=C(NCCCN1C(C)=CN=C1)NC2=CC=C(/C=C/C(NC3CCN(CCN)CC3)=O)C=C2,7.950781977,<rdkit.Chem.rdchem.Mol object at 0x000002B570DA1D20>
186,2.14333,-16.704754,1,CC1=CN=CN1CCCNC(NC2=CC(OC)=C(OCCCN3CCNCC3)C=C2)=S,7.943095149,<rdkit.Chem.rdchem.Mol object at 0x000002B570DA1CB0>
187,4.0863547,-27.38143,1,S=C(NCCCN1C(C)=CN=C1)NC2=CC=C(OCC(N3CCNCC3)=O)C=C2,7.943095149,<rdkit.Chem.rdchem.Mol object at 0x000002B570DA1C40>
188,-1.8941299,-21.398201,1,S=C(NCCCN1C(C)=CN=C1)NC2=CC=C(OCC3=CC=C(N4CCNCC4)C=C3)C(OC)=C2,7.93930216,<rdkit.Chem.rdchem.Mol object at 0x000002B570DA1BD0>
189,1.4186802,-16.325638,1,CC1=CN=CN1CCCNC(NC2=CC(OC)=C(OCCCN3CCN(C)CC3)C=C2)=S,7.931814138,<rdkit.Chem.rdchem.Mol object at 0x000002B570DA1B60>
191,1.4411647,-11.715684,1,S=C(NCCCN1C(C)=CN=C1)NC2=CC=C(OCCN3CCN(C4=NC=CC=N4)CC3)C(OC)=C2,7.920818754,<rdkit.Chem.rdchem.Mol object at 0x000002B570DA1A80>
192,-4.04735,-18.916712,1,S=C(NCCCN1C(C)=CN=C1)NC2=CC=C(OC3=CC=C(N4CCN(CCN)CC4)C=C3)C(OC)=C2,7.920818754,<rdkit.Chem.rdchem.Mol object at 0x000002B570DA1A10>
193,6.670499,-21.61607,1,COC1=CC(NC(NCCCN2C=NC=C2C)=S)=CC=C1OCCCCC3CCN(C)CC3,7.910094889,<rdkit.Chem.rdchem.Mol object at 0x000002B570DA19A0>
195,1.2014331,-18.154917,1,CC1=CN=CN1CCCNC(NC2=CC(OC)=C(OCCCCN3CCCCC3)C=C2)=S,7.903089987,<rdkit.Chem.rdchem.Mol object at 0x000002B570DA18C0>
196,2.0296185,-13.629195,1,COC1=CC(NC(NCCCN2C=NC=C2C)=S)=CC=C1OCCN3CCOCC3,7.903089987,<rdkit.Chem.rdchem.Mol object at 0x000002B570DA1850>
200,-0.065026134,-12.50286,1,S=C(NCCCN1C(C)=CN=C1)NC2=CC=C(OCCN3CCN(CC4=CC=CC=C4)CC3)C(OC)=C2,7.896196279,<rdkit.Chem.rdchem.Mol object at 0x000002B570DA1690>
202,3.6397033,-26.66889,1,S=C(NCCCN1C(C)=CN=C1)NC2=CC=C(OCC(NC3CCNCC3)=O)C=C2,7.88941029,<rdkit.Chem.rdchem.Mol object at 0x000002B570DA15B0>
204,5.291105,-16.447618,1,COC1=CC(NC(NCCCN2C=NC=C2C)=S)=CC=C1OCCCN(C)C,7.886056648,<rdkit.Chem.rdchem.Mol object at 0x000002B570DA14D0>
205,5.599384,-7.667066,1,O=C(NCCCN1C(C)=CN=C1)NC2=CC=C(OCCN3CCNCC3)C(OC)=C2,7.879426069,<rdkit.Chem.rdchem.Mol object at 0x000002B570DA1460>
208,1.9330777,-16.160091,1,CC1=CN=CN1CCCNC(NC2=CC(OC)=C(OCCCN3CCCCC3)C=C2)=S,7.872895202,<rdkit.Chem.rdchem.Mol object at 0x000002B570DA1310>
209,10.793611,-13.164838,1,S=C(NCCCN1C(C)=CN=C1)NC2=CC=C(OCCCCC3=CC(NC)=NC=C3)C(OC)=C2,7.872895202,<rdkit.Chem.rdchem.Mol object at 0x000002B570DA12A0>
212,6.201365,-16.89664,1,COC1=CC(NC(NCCCN2C=NC=C2C)=S)=CC=C1OCCCCN,7.860120914,<rdkit.Chem.rdchem.Mol object at 0x000002B570DA1150>
213,7.321635,-22.844627,1,COC1=CC(NC(NCCCN2C=NC=C2C)=S)=CC=C1OCCC3CCNCC3,7.860120914,<rdkit.Chem.rdchem.Mol object at 0x000002B570DA10E0>
214,2.161723,-16.370672,1,CC1=CN=CN1CCCNC(NC2=CC(OC)=C(OCCCN3CCOCC3)C=C2)=S,7.850780887,<rdkit.Chem.rdchem.Mol object at 0x000002B570DA1070>
216,7.769436,-15.398725,1,COC1=CC(NC(NCCCN2C=NC=C2C)=S)=CC=C1OCCCC3=CC=NC=C3,7.841637508,<rdkit.Chem.rdchem.Mol object at 0x000002B570DA0F90>
218,1.4555233,-21.14851,1,S=C(NCCCN1C(C)=CN=C1)NC2=CC=C(OCC(N3CCNCC3)=O)C(OC)=C2,7.823908741,<rdkit.Chem.rdchem.Mol object at 0x000002B570DA0EB0>
219,11.776282,-22.469967,1,S=C(NCCCN1C(C)=CN=C1)NC2=CC=C(OC)C(OCCCCN3CCNCC3)=C2,7.823908741,<rdkit.Chem.rdchem.Mol object at 0x000002B570DA0E40>
220,12.342839,-17.728237,1,S=C(NCCCN1C(C)=CN=C1)NC2=CC=C(OC)C(OCCCC3=CC(N)=NC=C3)=C2,7.823908741,<rdkit.Chem.rdchem.Mol object at 0x000002B570DA0DD0>
222,7.866734,-7.007443,1,O=C(NCCCN1C(C)=CN=C1)NC2=CC=C(OCCCCC3=CC(N)=NC=C3)C(OC)=C2,7.823908741,<rdkit.Chem.rdchem.Mol object at 0x000002B570DA0CF0>
224,10.506105,-20.053652,1,S=C(NCCCN1C(C)=CN=C1)NC2=CC=C(OC)C(OCCCCNC3=NC=CC=N3)=C2,7.818156412,<rdkit.Chem.rdchem.Mol object at 0x000002B570DA0C10>
225,9.066376,-13.073502,1,CC1=CN=CN1CCCNC(NC2=CC(OC)=C(OCCCCC3=CC(N)=NC(N)=C3)C=C2)=S,7.815308569,<rdkit.Chem.rdchem.Mol object at 0x000002B570DA0BA0>
227,5.171058,-20.811728,1,S=C(NCCCN1C(C)=CN=C1)NC2=CC=C(OCCNC(C3CCNCC3)=O)C(OC)=C2,7.804100348,<rdkit.Chem.rdchem.Mol object at 0x000002B570DA0AC0>
228,11.923754,-22.655035,1,S=C(NCCCN1C(C)=CN=C1)NC2=CC=C(OC)C(OCCCN3CCNCC3)=C2,7.801342913,<rdkit.Chem.rdchem.Mol object at 0x000002B570DA0A50>
229,12.411844,-17.227865,1,S=C(NCCCN1C(C)=CN=C1)NC2=CC=C(OC)C(OCCCCC3=CC(N)=NC=C3)=C2,7.798602876,<rdkit.Chem.rdchem.Mol object at 0x000002B570DA09E0>
230,-4.054479,-18.901928,1,S=C(NCCCN1C(C)=CN=C1)NC2=CC=C(OC3=CC=C(N4CCN(CCO)CC4)C=C3)C(OC)=C2,7.793174124,<rdkit.Chem.rdchem.Mol object at 0x000002B570DA0970>
231,6.921824,-17.242887,1,CC1=CN=CN1CCCNC(NC2=CC(OC)=C(OCCCCNC)C=C2)=S,7.790484985,<rdkit.Chem.rdchem.Mol object at 0x000002B570DA0900>
232,2.3493235,-26.580647,1,S=C(NCCCN1C(C)=CN=C1)NC2=CC=C(C(NC3CCN(CCN)CC3)=O)C=C2,7.790484985,<rdkit.Chem.rdchem.Mol object at 0x000002B570DA0890>
234,3.6966083,-22.212242,1,S=C(NCCCN1C(C)=CN=C1)NC2=CC=C(OCCCC(NC3CCNCC3)=O)C(OC)=C2,7.777283529,<rdkit.Chem.rdchem.Mol object at 0x000002B570DA07B0>
236,7.721999,-7.1155815,1,O=C(NCCCN1C(C)=CN=C1)NC2=CC=C(OCCC3=CC=NC(N)=C3)C(OC)=C2,7.772113295,<rdkit.Chem.rdchem.Mol object at 0x000002B570DA06D0>
237,-4.0368953,-19.161564,1,S=C(NCCCN1C(C)=CN=C1)NC2=CC=C(OC3=CC=C(N4CCN(C)CC4)C=C3)C(OC)=C2,7.769551079,<rdkit.Chem.rdchem.Mol object at 0x000002B570DA0660>
239,0.09010644,-13.547841,1,S=C(NCCCN1C(C)=CN=C1)NC2=CC=C(OCCN3CCN(CCOCCO)CC3)C(OC)=C2,7.761953897,<rdkit.Chem.rdchem.Mol object at 0x000002B570DA0580>
240,8.188716,-18.984354,1,COC1=CC(NC(NCCCN2C=NC=C2C)=S)=CC=C1OCCCNC3=NC=CC=N3,7.756961951,<rdkit.Chem.rdchem.Mol object at 0x000002B570DA0510>
241,8.859252,-18.271544,1,COC1=CC(NC(NCCCN2C=NC=C2C)=S)=CC=C1OCCCCNC3=NC=C(F)C=N3,7.756961951,<rdkit.Chem.rdchem.Mol object at 0x000002B570DA04A0>
244,2.2462392,-23.77715,1,S=C(NCCCN1C(C)=CN=C1)NC2=CC=C(OCC(NC3CCN(CCO)CC3)=O)C(OC)=C2,7.752026734,<rdkit.Chem.rdchem.Mol object at 0x000002B570DA0350>
246,8.0425,-13.534972,1,COC1=CC(NC(NCCCN2C=NC=C2C)=S)=CC=C1OCCCCC3=CN=C(N)N=C3,7.735182177,<rdkit.Chem.rdchem.Mol object at 0x000002B570DA0270>
247,11.862272,-22.824518,1,S=C(NCCCN1C(C)=CN=C1)NC2=CC=C(OC)C(OCCN3CCNCC3)=C2,7.735182177,<rdkit.Chem.rdchem.Mol object at 0x000002B570DA0200>
248,8.626602,-18.205698,1,COC1=CC(NC(NCCCN2C=NC=C2C)=S)=CC=C1OCCCNC3=NC=C(F)C=N3,7.732828272,<rdkit.Chem.rdchem.Mol object at 0x000002B570DA0190>
249,4.3426743,-27.713467,1,S=C(NCCCN1C(C)=CN=C1)NC2=CC=C(OCCN3CCNCC3)C=C2,7.728158393,<rdkit.Chem.rdchem.Mol object at 0x000002B570DA0120>
251,10.722889,-12.961366,1,COC1=CC(NC(NCCCN2C=NC=C2C)=S)=CC=C1OCCCCC3=CC=NC(NC(C)=O)=C3,7.721246399,<rdkit.Chem.rdchem.Mol object at 0x000002B570DA0040>
252,4.7734246,-18.630611,1,S=C(NCCCN1C(C)=CN=C1)NC2=CC=C(OCCC(N)=O)C(OC)=C2,7.721246399,<rdkit.Chem.rdchem.Mol object at 0x000002B570532D50>
253,8.334244,-12.16689,1,S=C(NCCCN1C=NC=C1C)NC2=CC=C(OCCCCC3=CC=CC(N)=N3)C(OC)=C2,7.714442691,<rdkit.Chem.rdchem.Mol object at 0x000002B570531620>
255,1.6744397,-28.279678,1,S=C(NCCCN1C(C)=CN=C1)NC2=CC=C(/C=C/C(N3CCNCC3)=O)C=C2,7.71219827,<rdkit.Chem.rdchem.Mol object at 0x000002B570CCCEB0>
257,9.299512,-13.531513,1,COC1=CC(NC(NCCCN2C=NC=C2C)=S)=CC=C1OCCCCC3=CC=CN=C3,7.70333481,<rdkit.Chem.rdchem.Mol object at 0x000002B5022D9930>
259,6.5704513,-21.85415,1,COC1=CC(NC(NCCCN2C=NC=C2C)=S)=CC=C1OCCCC3CCN(C)CC3,7.694648631,<rdkit.Chem.rdchem.Mol object at 0x000002B5022D9A80>
260,7.109536,-14.320053,1,CC1=CN=CN1CCCNC(NC2=CC(OC)=C(OCCCC3=CN=C(N)N=C3)C=C2)=S,7.688246139,<rdkit.Chem.rdchem.Mol object at 0x000002B5022D9AF0>
262,9.679363,-23.497644,1,S=C(NCCCN1C(C)=CN=C1)NC2=CC=C(OC)C(OCCC3CCN(C)CC3)=C2,7.68613278,<rdkit.Chem.rdchem.Mol object at 0x000002B5022D9BD0>
264,8.318492,-13.630743,1,COC1=CC(NC(NCCCN2C=NC=C2C)=S)=CC=C1OCCCCC3=CN=CN=C3,7.671620397,<rdkit.Chem.rdchem.Mol object at 0x000002B5022D9CB0>
266,0.64823645,-12.134007,1,S=C(NCCCN1C(C)=CN=C1)NC2=CC=C(OCCN3CCN(C4=CC=CC=C4)CC3)C(OC)=C2,7.665546249,<rdkit.Chem.rdchem.Mol object at 0x000002B5022D9D90>
267,11.265137,-20.740232,1,S=C(NCCCN1C(C)=CN=C1)NC2=CC=C(OC)C(OCCCCNC)=C2,7.657577319,<rdkit.Chem.rdchem.Mol object at 0x000002B5022D9E00>
271,8.835616,-16.232376,1,COC1=CC(NC(NCCCN2C=NC=C2C)=S)=CC=C1OCCC3=CC=NC=C3,7.628932138,<rdkit.Chem.rdchem.Mol object at 0x000002B5022D9FC0>
272,0.8069728,-16.235266,1,S=C(NCCCN1C(C)=CN=C1)NC2=CC=C(OCCCN3CCN(CCO)CC3)C(OC)=C2,7.628932138,<rdkit.Chem.rdchem.Mol object at 0x000002B5022DA030>
277,1.830162,-13.976334,1,COC1=CC(NC(NCCCN2C=NC=C2C)=S)=CC=C1OCCN3CCCCC3,7.607303047,<rdkit.Chem.rdchem.Mol object at 0x000002B5022DA260>
278,12.641115,-15.724465,1,S=C(NCCCN1C(C)=CN=C1)NC2=CC=C(OCCCCC3=CC(N)=NC=C3)C=C2,7.607303047,<rdkit.Chem.rdchem.Mol object at 0x000002B5022DA2D0>
281,1.5945507,-27.373638,1,S=C(NCCCN1C(C)=CN=C1)NC2=CC=C(/C=C/C(NC3CCNCC3)=O)C=C2,7.585026652,<rdkit.Chem.rdchem.Mol object at 0x000002B5022DA420>
283,12.195208,-17.9843,1,S=C(NCCCN1C(C)=CN=C1)NC2=CC=C(OC)C(OCCC3=CC(N)=NC=C3)=C2,7.578396073,<rdkit.Chem.rdchem.Mol object at 0x000002B5022DA500>
285,11.513449,-21.095228,1,S=C(NCCCN1C(C)=CN=C1)NC2=CC=C(OC)C(OCCCNC)=C2,7.571865206,<rdkit.Chem.rdchem.Mol object at 0x000002B5022DA5E0>
289,5.64325,-17.420269,1,COC1=CC(NC(NCCCN2C=NC=C2C)=S)=CC=C1OCCN,7.519993057,<rdkit.Chem.rdchem.Mol object at 0x000002B5022DA7A0>
291,1.5173649,-12.8228245,1,S=C(NCCCN1C(C)=CN=C1)NC2=CC=C(OCCN3CCN(C(C)=O)CC3)C(OC)=C2,7.511449283,<rdkit.Chem.rdchem.Mol object at 0x000002B5022DA880>
295,4.19953,-17.97467,1,S=C(NCCCN1C(C)=CN=C1)NC2=CC=C(OCCC(N(C)C)=O)C(OC)=C2,7.450996738,<rdkit.Chem.rdchem.Mol object at 0x000002B5022DAA40>
296,7.1311197,-14.644664,1,COC1=CC(NC(NCCCN2C=NC=C2C)=S)=CC=C1OCCCC3=CN=CN=C3,7.449771647,<rdkit.Chem.rdchem.Mol object at 0x000002B5022DAAB0>
301,5.036837,-16.69866,1,COC1=CC(NC(NCCCN2C=NC=C2C)=S)=CC=C1OCCN(C)C,7.413412695,<rdkit.Chem.rdchem.Mol object at 0x000002B5022DACE0>
302,6.504629,-17.937977,1,CC1=CN=CN1CCCNC(NC2=CC(OC)=C(OCCNC)C=C2)=S,7.412289035,<rdkit.Chem.rdchem.Mol object at 0x000002B5022DAD50>
304,7.815914,-19.19476,1,COC1=CC(NC(NCCCN2C=NC=C2C)=S)=CC=C1OCCNC3=NC=CC=N3,7.404503778,<rdkit.Chem.rdchem.Mol object at 0x000002B5022DAE30>
400,1.5130236,-11.464482,1,S=C(NCCCN1C(C)=CN=C1)NC2=CC=C(OCCN3CCN(C4=NC=C(F)C=N4)CC3)C(OC)=C2,7.394694954,<rdkit.Chem.rdchem.Mol object at 0x000002B570D91C40>
401,6.0146885,-18.738985,1,CC1=CN=CN1CCCNC(NC2=CC(OC)=C(OCCCNC(C)=O)C=C2)=S,7.389339837,<rdkit.Chem.rdchem.Mol object at 0x000002B570D91BD0>
402,6.176857,-18.59311,1,COC1=CC(NC(NCCCN2C=NC=C2C)=S)=CC=C1OCCCNC(N)=N,7.385102784,<rdkit.Chem.rdchem.Mol object at 0x000002B570D91B60>
404,11.883048,-20.182299,1,S=C(NCCCN1C(C)=CN=C1)NC2=CC=C(OC)C(OCCCCN(C)C)=C2,7.329754147,<rdkit.Chem.rdchem.Mol object at 0x000002B570D91A80>
406,0.8489848,-21.329056,1,S=C(NCCCN1C(C)=CN=C1)NC2=CC=C(OCC(N3CCN(CCO)CC3)=O)C(OC)=C2,7.312471039,<rdkit.Chem.rdchem.Mol object at 0x000002B570D919A0>
407,4.3195176,-17.913996,1,S=C(NCCCN1C(C)=CN=C1)NC2=CC=C(OCCCC(N(C)C)=O)C(OC)=C2,7.292429824,<rdkit.Chem.rdchem.Mol object at 0x000002B570D91930>
408,6.749655,-7.645016,1,O=C(NCCCN1C(C)=CN=C1)NC2=CC=C(OCCCN(C)C)C(OC)=C2,7.284832642,<rdkit.Chem.rdchem.Mol object at 0x000002B570D918C0>
410,4.863166,-18.445936,1,S=C(NCCCN1C(C)=CN=C1)NC2=CC=C(OCCCC(N)=O)C(OC)=C2,7.269217724,<rdkit.Chem.rdchem.Mol object at 0x000002B570D917E0>
412,4.6481404,-26.422573,1,S=C(NCCCN1C(C)=CN=C1)NC2=CC=C(OCC(NCC3=CC=NC(N)=C3)=O)C=C2,7.247951552,<rdkit.Chem.rdchem.Mol object at 0x000002B570D91700>
413,14.015044,-20.715984,1,S=C(NCCCN1C(C)=CN=C1)NC2=CC=C3C(OCCO3)=C2,7.236572006,<rdkit.Chem.rdchem.Mol object at 0x000002B570D91690>
414,1.4670835,-11.345389,1,S=C(NCCCN1C(C)=CN=C1)NC2=CC=C(OCCN3CCN(C4=NC=C(Cl)C=N4)CC3)C(OC)=C2,7.175223538,<rdkit.Chem.rdchem.Mol object at 0x000002B570D91620>
423,4.5659127,-19.324705,1,S=C(NCCCN1C(C)=CN=C1)NC2=CC=C(OCC(N)=O)C(OC)=C2,7.047207557,<rdkit.Chem.rdchem.Mol object at 0x000002B570D91230>
41,-17.366262,31.957035,2,O=C(N(C/1C2=CC(C=CN3)=C3C=C2)C4=CC(N=CN5)=C5C=C4)NC1=N\C,8.397940009,<rdkit.Chem.rdchem.Mol object at 0x000002B570D76D50>
42,-18.492428,34.28311,2,O=C(N(C/1C2=CC=C(N3CCCC3)C=C2)C4=CC(N=CN5)=C5C=C4)NC1=N/C6CCCC6,8.397940009,<rdkit.Chem.rdchem.Mol object at 0x000002B570D76CE0>
43,-15.923556,36.46011,2,O=C(N(C/1C2=CC=CC=C2C(F)(F)F)C3=CC(N=CN4)=C4C=C3)NC1=N/C(C)C(C)(C)C,8.397940009,<rdkit.Chem.rdchem.Mol object at 0x000002B570D76C70>
44,-16.980183,30.20056,2,S=C(N(C/1C2=CC=C(SC)C=C2)C3=CC(N=CN4)=C4C=C3)NC1=N\CN5C6=CC=CC=C6N=N5,8.397940009,<rdkit.Chem.rdchem.Mol object at 0x000002B570D76C00>
45,-19.79218,31.307467,2,O=C(N(C/1C2=CC3=NSN=C3C=C2)C4=CC(N=CN5)=C5C=C4)NC1=N\CCCN6CCCC6=O,8.397940009,<rdkit.Chem.rdchem.Mol object at 0x000002B570D76B90>
46,-16.629557,35.292667,2,O=C(N(C/1C2=CC=C(Cl)C=C2)C3=CC(N=CN4)=C4C=C3)NC1=N\CC5=CC=CC=C5,8.397940009,<rdkit.Chem.rdchem.Mol object at 0x000002B570D76B20>
47,-18.385712,31.071648,2,O=C(N(C/1C2=CC(C=CN3)=C3C=C2)C4=CC(N=CN5)=C5C=C4)NC1=N\CCCN6CCOCC6,8.397940009,<rdkit.Chem.rdchem.Mol object at 0x000002B570D76AB0>
48,-19.87824,30.941853,2,O=C(N(C/1C2=CC(OCO3)=C3C=C2)C4=CC(N=CN5)=C5C=C4)NC1=N\CCCN6CCCC6=O,8.397940009,<rdkit.Chem.rdchem.Mol object at 0x000002B570D76A40>
49,-16.796837,34.5945,2,O=C(N(C/1C2=CC=C(C)C=C2)C3=CC(N=CN4)=C4C=C3)NC1=N\CC5=CC(C=CN6)=C6C=C5,8.397940009,<rdkit.Chem.rdchem.Mol object at 0x000002B570D769D0>
50,-18.580233,33.600548,2,O=C(N(C/1C2=CC(C=CC=C3)=C3C=C2)C4=CC(N=CN5)=C5C=C4)NC1=N/C6CCCC6,8.397940009,<rdkit.Chem.rdchem.Mol object at 0x000002B570D76960>
51,-17.35014,30.741035,2,O=C(N(C/1C2=CC(C=CN3)=C3C=C2)C4=CC(N=CN5)=C5C=C4)NC1=N\CN6C7=CC=CC=C7N=N6,8.397940009,<rdkit.Chem.rdchem.Mol object at 0x000002B570D768F0>
52,-17.678118,36.1032,2,O=C(N(C/1C2=CC(Br)=CC=C2)C3=CC(NC=N4)=C4C=C3)NC1=N/CC5=CC=CC=C5,8.397940009,<rdkit.Chem.rdchem.Mol object at 0x000002B570D76880>
53,-18.794666,34.856823,2,O=C(N(C/1C2=CC(Br)=CC(Br)=C2)C3=CC(N=CN4)=C4C=C3)NC1=N/C5CCCC5,8.397940009,<rdkit.Chem.rdchem.Mol object at 0x000002B570D76810>
54,-18.981787,37.51029,2,O=C(N(C/1C2=C(Br)C=C3C(OCO3)=C2)C4=CC(NC=N5)=C5C=C4)NC1=N/C6CCCCC6,8.397940009,<rdkit.Chem.rdchem.Mol object at 0x000002B570D767A0>
55,-18.423716,34.373867,2,O=C(N(C/1C2=CC=C(Br)C=C2)C3=CC(N=CN4)=C4C=C3)NC1=N/C5CCCCC5,8.397940009,<rdkit.Chem.rdchem.Mol object at 0x000002B570D76730>
56,-18.672737,34.26446,2,O=C(N(C/1C2=CC=C(Cl)C=C2)C3=CC(N=CN4)=C4C=C3)NC1=N/C5CCCC5,8.397940009,<rdkit.Chem.rdchem.Mol object at 0x000002B570D766C0>
57,-15.111062,33.43645,2,O=C(N(C/1C2=COC3=C(C=C(C)C=C3)C2=O)C4=CC(N=CN5)=C5C=C4)NC1=N/C6C(C=CC=C7)=C7CC6,8.397940009,<rdkit.Chem.rdchem.Mol object at 0x000002B570D76650>
58,-16.68785,35.286724,2,O=C(N(C/1C2=CC=C(Br)C=C2)C3=CC(N=CN4)=C4C=C3)NC1=N\CC5=CC=CC=C5,8.397940009,<rdkit.Chem.rdchem.Mol object at 0x000002B570D765E0>
59,-16.685856,32.78161,2,O=C(N(C/1C2=CC=C3C(C=CN3)=C2)C4=CC(N=CN5)=C5C=C4)NC1=N/C6C(C=CC=C7)=C7CC6,8.397940009,<rdkit.Chem.rdchem.Mol object at 0x000002B570D76570>
60,-14.986078,35.546402,2,O=C(N(C/1C2=C(C)C=C(C)C=C2)C3=CC(N=CN4)=C4C=C3)NC1=N\CCC5=CNC6=C5C=CC=C6,8.397940009,<rdkit.Chem.rdchem.Mol object at 0x000002B570D76500>
61,-19.745209,35.01995,2,O=C(N(C/1C2=C(F)C=CC(Cl)=C2F)C3=CC(N=CN4)=C4C=C3)NC1=N/C5CCCCC5,8.397940009,<rdkit.Chem.rdchem.Mol object at 0x000002B570D76490>
62,-18.078022,31.625957,2,O=C(N(C/1C2=CC(C=CN3)=C3C=C2)C4=CC(N=CN5)=C5C=C4)NC1=N\CCCC6=CC=CC=C6,8.397940009,<rdkit.Chem.rdchem.Mol object at 0x000002B570D76420>
63,-18.13684,33.202396,2,O=C(N(C/1C2=CC3=C(NC=C3)C=C2)C4=CC(N=CN5)=C5C=C4)NC1=N/C6CCCC6,8.397940009,<rdkit.Chem.rdchem.Mol object at 0x000002B570D763B0>
64,-15.568891,35.499138,2,O=C(N(C/1C2=CNC3=C2C=CC(C)=C3)C4=CC(N=CN5)=C5C=C4)NC1=N\CC6=CC=CC=C6,8.397940009,<rdkit.Chem.rdchem.Mol object at 0x000002B570D76340>
65,-21.12352,33.5764,2,O=C(N(C/1C2=CC=C(OCCO3)C3=C2)C4=CC(N=CN5)=C5C=C4)NC1=N/C6=CC(OCCO7)=C7C=C6,8.397940009,<rdkit.Chem.rdchem.Mol object at 0x000002B570D762D0>
66,-19.54444,32.907375,2,O=C(N(C/1C2=CC3=NSN=C3C=C2)C4=CC(N=CN5)=C5C=C4)NC1=N/C6C(O)CCCC6,8.397940009,<rdkit.Chem.rdchem.Mol object at 0x000002B570D76260>
67,-19.728941,31.153055,2,O=C(N(C/1C2=CC(Br)=CC=C2)C3=CC(N=CN4)=C4C=C3)NC1=N\CCCN5CCCC5=O,8.397940009,<rdkit.Chem.rdchem.Mol object at 0x000002B570D761F0>
68,-16.08537,33.253098,2,O=C(N(C/1C2=CC=C(N(C)C)C=C2)C3=CC(N=CN4)=C4C=C3)NC1=N/C5C(C=CC=C6)=C6CC5,8.397940009,<rdkit.Chem.rdchem.Mol object at 0x000002B570D76180>
69,-20.113945,36.44802,2,O=C(N(C/1C2=C(F)C(Cl)=CC=C2F)C3=CC(NC=N4)=C4C=C3)NC1=N/C(C)C(C)(C)C,8.397940009,<rdkit.Chem.rdchem.Mol object at 0x000002B570D76110>
70,-19.029692,31.075527,2,O=C(N(C/1C2=CC(C=CN3)=C3C=C2)C4=CC(N=CN5)=C5C=C4)NC1=N\CCCN6CCCC6=O,8.397940009,<rdkit.Chem.rdchem.Mol object at 0x000002B570D760A0>
71,-19.097107,36.005825,2,O=C(N(C/1C2=CC(Br)=CC(Br)=C2)C3=CC(NC=N4)=C4C=C3)NC1=N/C5CCCCCC5,8.397940009,<rdkit.Chem.rdchem.Mol object at 0x000002B570D76030>
72,-18.203302,32.152744,2,O=C(N(C/1C2=CC(Br)=CC(Br)=C2)C3=CC(N=CN4)=C4C=C3)NC1=N\CCCC5=CC=CC=C5,8.397940009,<rdkit.Chem.rdchem.Mol object at 0x000002B570D75FC0>
73,-18.897123,37.719532,2,O=C(N(C/1C2=C(Br)C=C(OCO3)C3=C2)C4=CC(NC=N5)=C5C=C4)NC1=N\CCC6=CC=CS6,8.397940009,<rdkit.Chem.rdchem.Mol object at 0x000002B570D75F50>
74,-19.169247,34.097313,2,O=C(N(C/1C2=CC(F)=C(Cl)C=C2)C3=CC(N=CN4)=C4C=C3)NC1=N/C5CCCC5,8.397940009,<rdkit.Chem.rdchem.Mol object at 0x000002B570D75EE0>
75,-20.694427,31.335764,2,O=C(N(C/1C2=CC=C(Br)C=C2)C3=CC(NC=N4)=C4C=C3)NC1=N\CCCN5CCCC5=O,8.397940009,<rdkit.Chem.rdchem.Mol object at 0x000002B570D75E70>
76,-17.178453,37.550457,2,O=C(N(C/1C2=C(Br)C=C3C(OCO3)=C2)C4=CC(N=CN5)=C5C=C4)NC1=N/C(C6=CC=CC=C6)CC7=CC=CC=C7,8.397940009,<rdkit.Chem.rdchem.Mol object at 0x000002B570D75E00>
77,-17.831251,37.83635,2,O=C(N(C/1C2=C(Br)C=C3C(OCO3)=C2)C4=CC(N=CN5)=C5C=C4)NC1=N/CC(N6CCCCC6)=O,8.397940009,<rdkit.Chem.rdchem.Mol object at 0x000002B570D75D90>
78,-21.083412,33.604355,2,O=C(N(C/1C2=CC=C(Br)C=C2)C3=CC(N=CN4)=C4C=C3)NC1=N/C5=CC(OCCO6)=C6C=C5,8.397940009,<rdkit.Chem.rdchem.Mol object at 0x000002B570D75D20>
79,-16.239075,33.335953,2,O=C(N(C/1C2=CC=C(Br)C=C2)C3=CC(N=CN4)=C4C=C3)NC1=N/C5C(C=CC=C6)=C6CC5,8.397940009,<rdkit.Chem.rdchem.Mol object at 0x000002B570D75CB0>
80,-16.667397,33.46836,2,O=C(N(C/1C2=CC(Br)=CC=C2)C3=CC(N=CN4)=C4C=C3)NC1=N/C5C(C=CC=C6)=C6CCC5,8.397940009,<rdkit.Chem.rdchem.Mol object at 0x000002B570D75C40>
81,-16.86241,37.14381,2,O=C(N(C/1C2=CC(Br)=CC=C2)C3=CC(N=CN4)=C4C=C3)NC1=N/C(CC5=CC=CC=C5)C6=CC=CC=C6,8.397940009,<rdkit.Chem.rdchem.Mol object at 0x000002B570D75BD0>
82,-12.742682,31.211159,2,O=C1C(O)=C(C(CCC)=O)C(C2=CC=C(C)O2)N1C3=CC=C(NC=N4)C4=C3,8.397940009,<rdkit.Chem.rdchem.Mol object at 0x000002B570D75B60>
83,-13.982805,28.46467,2,O=C1C(O)=C(C2=CC=CC(O)=C2)C(C3=CC4=NSN=C4C=C3)N1C5=CC=C(NC=N6)C6=C5,8.397940009,<rdkit.Chem.rdchem.Mol object at 0x000002B570D75AF0>
84,-13.072625,29.071478,2,O=C1C(O)=C(C(C2CC2)=O)C(C3=CC4=NSN=C4C=C3)N1C5=CC=C(NC=N6)C6=C5,8.397940009,<rdkit.Chem.rdchem.Mol object at 0x000002B570D75A80>
85,-12.891264,32.203667,2,O=C1C(O)=C(C(C)C)C(C2OC(C)(C)OC2)N1C3=CC=C(NC=N4)C4=C3,8.397940009,<rdkit.Chem.rdchem.Mol object at 0x000002B570D75A10>
86,-10.36159,29.846937,2,O=C1C(O)=C(C(CC(C)C)=O)C(C2=NC(C(O)=CC=C3)=C3C=C2)N1C4=CC=C(NC=N5)C5=C4,8.397940009,<rdkit.Chem.rdchem.Mol object at 0x000002B570D759A0>
87,-11.088398,31.831635,2,O=C1C(O)=C(C(C)=O)C(C2=CC=CC(F)=C2F)N1C3=CC=C(NC=N4)C4=C3,8.397940009,<rdkit.Chem.rdchem.Mol object at 0x000002B570D75930>
88,-12.342903,31.263885,2,O=C1C(O)=C(C(C)=O)C(C2=CC=C(CO)O2)N1C3=CC=C(NC=N4)C4=C3,8.397940009,<rdkit.Chem.rdchem.Mol object at 0x000002B570D758C0>
89,-13.558646,29.441921,2,O=C1C(O)=C(C(C)=O)C(C2=CC3=NSN=C3C=C2)N1C4=CC=C(NC=N5)C5=C4,8.397940009,<rdkit.Chem.rdchem.Mol object at 0x000002B570D75850>
90,-13.493139,30.90008,2,O=C1C(O)=C(C(CCC)=O)C(C2=CC=C(C3=NC=CC=C3)C=C2)N1C4=CC=C(NC=N5)C5=C4,8.397940009,<rdkit.Chem.rdchem.Mol object at 0x000002B570D757E0>
91,-13.055715,30.008472,2,O=C1C(O)=C(C(C)=O)C(C2=CC3=NON=C3C=C2)N1C4=CC=C(NC=N5)C5=C4,8.397940009,<rdkit.Chem.rdchem.Mol object at 0x000002B570D75770>
92,-9.270554,30.727638,2,O=C1C(O)=C(C2=CC=CC=C2)C(C3=NC(C=CC=C4)=C4C=C3)N1C5=CC=C(NC=N6)C6=C5,8.397940009,<rdkit.Chem.rdchem.Mol object at 0x000002B570D75700>
93,-13.205577,30.35383,2,O=C1C(O)=C(C(CCC)=O)C(C2=CC3=NON=C3C=C2)N1C4=CC=C(NC=N5)C5=C4,8.397940009,<rdkit.Chem.rdchem.Mol object at 0x000002B570D75690>
94,-12.903339,27.379225,2,O=C1C(O)=C(C2=CNC3=C2C=CC=C3)C(C4=CN=C(C=CC=C5)C5=C4)N1C6=CC=C(NC=N7)C7=C6,8.397940009,<rdkit.Chem.rdchem.Mol object at 0x000002B570D75620>
95,-12.082608,32.714516,2,O=C1C(O)=C(C)C(C2=CC=CO2)N1C3=CC=C(NC=N4)C4=C3,8.397940009,<rdkit.Chem.rdchem.Mol object at 0x000002B570D755B0>
96,-12.730597,29.46933,2,O=C1C(O)=C(C(C2CC2)=O)C(C3=CC4=NON=C4C=C3)N1C5=CC=C(NC=N6)C6=C5,8.397940009,<rdkit.Chem.rdchem.Mol object at 0x000002B570D75540>
97,-9.677693,31.547358,2,O=C1C(O)=C(C2=CC=CC=C2)C(C3=CC(F)=CC(F)=C3F)N1C4=CC=C(NC=N5)C5=C4,8.397940009,<rdkit.Chem.rdchem.Mol object at 0x000002B570D754D0>
98,-10.309004,29.651087,2,O=C1C(O)=C(C(C2CC2)=O)C(C3=CC=C4C(C(O)=CC=C4)=N3)N1C5=CC=C(NC=N6)C6=C5,8.397940009,<rdkit.Chem.rdchem.Mol object at 0x000002B570D75460>
99,-13.374807,27.598597,2,O=C1C(O)=C(C2=CNC3=C2C=CC=C3)C(C4=CC5=NSN=C5C=C4)N1C6=CC=C(NC=N7)C7=C6,8.397940009,<rdkit.Chem.rdchem.Mol object at 0x000002B570D753F0>
268,-11.625767,32.944504,2,O=C1C(O)=C(C)C(C2=CC(Br)=CC=C2F)N1C3=CC=C(NC=N4)C4=C3,7.645891561,<rdkit.Chem.rdchem.Mol object at 0x000002B5022D9E70>
288,-14.7830105,31.200756,2,O=C(NC[C@H]1C2=CC=C(OCCC)C=C2)N1C(C=C3)=CC4=C3NC=N4,7.537602002,<rdkit.Chem.rdchem.Mol object at 0x000002B5022DA730>
306,-10.708107,31.934319,2,O=C1C(O)=C(C(C2=CC=CC=C2)=O)C(C3=C(F)C(F)=CC=C3)N1C4=CC=C(NC=N5)C5=C4,7.400116928,<rdkit.Chem.rdchem.Mol object at 0x000002B5022DAF10>
393,-12.121359,29.301609,2,O=C1C(O)=C(C(C2CC2)=O)C(C3=CC(C)=CC=C3)N1C4=CC=C(NC=N5)C5=C4,7.397940009,<rdkit.Chem.rdchem.Mol object at 0x000002B570D91F50>
394,-11.879695,30.076633,2,O=C1C(O)=C(C(C)=O)C(C2=CN=C(C=CC=C3)C3=C2)N1C4=CC=C(NC=N5)C5=C4,7.397940009,<rdkit.Chem.rdchem.Mol object at 0x000002B570D91EE0>
395,-13.225536,27.489384,2,O=C1C(O)=C(C2=CNC3=C2C=CC=C3)C(C4=CC5=NON=C5C=C4)N1C6=CC=C(NC=N7)C7=C6,7.397940009,<rdkit.Chem.rdchem.Mol object at 0x000002B570D91E70>
396,-9.448688,30.064625,2,O=C1C(O)=C(C2=CC=C(O)C=C2)C(C3=NC(C(O)=CC=C4)=C4C=C3)N1C5=CC=C(NC=N6)C6=C5,7.397940009,<rdkit.Chem.rdchem.Mol object at 0x000002B570D91E00>
397,-9.430123,30.274939,2,O=C1C(O)=C(C2=CC=CC=C2)C(C3=NC(C(O)=CC=C4)=C4C=C3)N1C5=CC=C(NC=N6)C6=C5,7.397940009,<rdkit.Chem.rdchem.Mol object at 0x000002B570D91D90>
398,-11.407886,31.071886,2,O=C1C(O)=C(C(CC(C)C)=O)C(C2=C(F)C(F)=CC(F)=C2F)N1C3=CC=C(NC=N4)C4=C3,7.397940009,<rdkit.Chem.rdchem.Mol object at 0x000002B570D91D20>
399,-13.589572,33.310146,2,O=C1C(O)=C(CC)C(C2=COC(C=CC(C)=C3)=C3C2=O)N1C4=CC=C(NC=N5)C5=C4,7.397940009,<rdkit.Chem.rdchem.Mol object at 0x000002B570D91CB0>
405,-9.56326,25.349974,2,COC1=C(OC)C=CC(SCC(S2)=NN=C2C(C=C3)=CC4=C3NC=N4)=C1,7.319664487,<rdkit.Chem.rdchem.Mol object at 0x000002B570D91A10>
409,-11.339281,32.64787,2,O=C1C(O)=C(C)C(C2=CC=CC(F)=C2F)N1C3=CC=C(NC=N4)C4=C3,7.279014256,<rdkit.Chem.rdchem.Mol object at 0x000002B570D91850>
416,-9.56326,25.349974,2,COC1=CC(SCC(S2)=NN=C2C3=CC=C4C(N=CN4)=C3)=CC=C1OC,7.15490196,<rdkit.Chem.rdchem.Mol object at 0x000002B570D91540>
417,-11.594957,33.09115,2,O=C1C(O)=C(C)C(C2=CC=CC(Cl)=C2Cl)N1C3=CC=C(NC=N4)C4=C3,7.124938737,<rdkit.Chem.rdchem.Mol object at 0x000002B570D914D0>
235,-42.708447,-0.8573205,3,CN1C(C2CCN(C3=NC=CC=C3C4=CN=C(F)C=C4)CC2)=NN=C1,7.777283529,<rdkit.Chem.rdchem.Mol object at 0x000002B570DA0740>
307,-28.40282,-1.0095354,3,OC1=CC=C(C)C=C1C(C2=NN=NN2CC(C)(C)C)NCCCN3C=CN=C3,7.397940009,<rdkit.Chem.rdchem.Mol object at 0x000002B5022DAF80>
308,-34.74677,-0.4563659,3,O=C(N(C/1C2=C(Cl)C=CC=C2)CCCN3C=CN=C3)NC1=N/CCC4=CC=CS4,7.397940009,<rdkit.Chem.rdchem.Mol object at 0x000002B5022DAFF0>
309,-30.62176,-4.5663705,3,O=C1C(O)=C(C)C(C2=CC(C=CN3)=C3C=C2)N1CCCN4C=NC=C4,7.397940009,<rdkit.Chem.rdchem.Mol object at 0x000002B5022DB060>
310,-35.738876,2.9533987,3,O=C1C(O)=C(C(C)C)C(CCCCC)N1CCCN2C=NC=C2,7.397940009,<rdkit.Chem.rdchem.Mol object at 0x000002B5022DB0D0>
311,-36.62681,3.4050825,3,O=C1C(O)=C(C(C)C)C(CC2=CC=CC=C2)N1CCCN3C=NC=C3,7.397940009,<rdkit.Chem.rdchem.Mol object at 0x000002B5022DB140>
312,-36.997047,-1.91846,3,O=C1C(O)=C(C2=CC=CC=C2)C(C3=CC(Cl)=CC(Cl)=C3O)N1CCCN4C=NC=C4,7.397940009,<rdkit.Chem.rdchem.Mol object at 0x000002B5022DB1B0>
313,-41.33707,-3.26859,3,O=C1C(O)=C(C2=CC=CC=C2)C(C3=CC=C(C)C=C3)N1CCCN4C=NC=C4,7.397940009,<rdkit.Chem.rdchem.Mol object at 0x000002B5022DB220>
314,-39.213654,1.8446865,3,O=C1C(O)=C(C2=CC=CC=C2)C(/C=C/CCC)N1CCCN3C=NC=C3,7.397940009,<rdkit.Chem.rdchem.Mol object at 0x000002B5022DB290>
315,-39.666763,-5.164879,3,O=C1C(O)=C(C2=CC=CC=C2)C(C3=CC=C(NC=C4)C4=C3)N1CCCN5C=NC=C5,7.397940009,<rdkit.Chem.rdchem.Mol object at 0x000002B5022DB300>
316,-41.5103,-3.0264888,3,O=C1C(O)=C(C2=CC=CC=C2)C(C3=CC=C(OC)C=C3)N1CCCN4C=NC=C4,7.397940009,<rdkit.Chem.rdchem.Mol object at 0x000002B5022DB370>
317,-37.648018,1.8625164,3,O=C1C(O)=C(C2=CC=CC=C2)C(CCCCC)N1CCCN3C=NC=C3,7.397940009,<rdkit.Chem.rdchem.Mol object at 0x000002B5022DB3E0>
318,-34.25928,-6.2063184,3,O=C1C(O)=C(C2=CC=CC=C2)C(C3OC=CCC3)N1CCCN4C=NC=C4,7.397940009,<rdkit.Chem.rdchem.Mol object at 0x000002B5022DB450>
319,-36.423206,-3.7620196,3,O=C1C(O)=C(C2=CC=CC=C2)C(C3=CNC4=C3C=CC(C)=C4)N1CCCN5C=NC=C5,7.397940009,<rdkit.Chem.rdchem.Mol object at 0x000002B5022DB4C0>
320,-36.90031,-4.4009366,3,O=C1C(O)=C(C2=CC=CC=C2)C(C3=CNC4=C3C=CC=C4)N1CCCN5C=NC=C5,7.397940009,<rdkit.Chem.rdchem.Mol object at 0x000002B5022DB530>
321,-37.70733,3.1844788,3,O=C1C(O)=C(C2=CC=CC=C2)C(CC3=CC=CC=C3)N1CCCN4C=NC=C4,7.397940009,<rdkit.Chem.rdchem.Mol object at 0x000002B5022DB5A0>
322,-39.836292,-0.32965133,3,O=C1C(O)=C(C2=CC=CC=C2)C(C3=CC=CO3)N1CCCN4C=NC=C4,7.397940009,<rdkit.Chem.rdchem.Mol object at 0x000002B5022DB610>
323,-38.329193,2.3519125,3,O=C1C(O)=C(C2=CC=CC=C2)C(CO)N1CCCN3C=NC=C3,7.397940009,<rdkit.Chem.rdchem.Mol object at 0x000002B5022DB680>
324,-37.83368,1.8197817,3,O=C1C(O)=C(C2=CC=CC=C2)C(CCCC)N1CCCN3C=NC=C3,7.397940009,<rdkit.Chem.rdchem.Mol object at 0x000002B5022DB6F0>
325,-37.70967,-3.007796,3,O=C1C(O)=C(C2=CC=CC=C2)C(C3=C(F)C=CC=C3)N1CCCN4C=NC=C4,7.397940009,<rdkit.Chem.rdchem.Mol object at 0x000002B5022DB760>
326,-40.515923,-4.124171,3,O=C1C(O)=C(C2=CC=CC=C2)C(C3=CC=CC(O)=C3)N1CCCN4C=NC=C4,7.397940009,<rdkit.Chem.rdchem.Mol object at 0x000002B5022DB7D0>
327,-37.722935,-8.098497,3,O=C1C(O)=C(C2=CNC3=C2C=CC=C3)C(C4=CC=C(C)C=C4)N1CCCN5C=NC=C5,7.397940009,<rdkit.Chem.rdchem.Mol object at 0x000002B5022DB840>
328,-38.504215,-7.118666,3,O=C1C(O)=C(C2=CNC3=C2C=CC=C3)C(C4=CC=C(NC=C5)C5=C4)N1CCCN6C=NC=C6,7.397940009,<rdkit.Chem.rdchem.Mol object at 0x000002B5022DB8B0>
329,-37.66372,-8.308847,3,O=C1C(O)=C(C2=CNC3=C2C=CC=C3)C(C4=CC=C(OC)C=C4)N1CCCN5C=NC=C5,7.397940009,<rdkit.Chem.rdchem.Mol object at 0x000002B5022DB920>
330,-36.883392,-6.9836855,3,O=C1C(O)=C(C2=CNC3=C2C=CC=C3)C(C4=CC=CC=C4O)N1CCCN5C=NC=C5,7.397940009,<rdkit.Chem.rdchem.Mol object at 0x000002B5022DB990>
331,-38.31275,-7.7384014,3,O=C1C(O)=C(C2=CNC3=C2C=CC=C3)C(C4=CC=C(C)C(C)=C4)N1CCCN5C=NC=C5,7.397940009,<rdkit.Chem.rdchem.Mol object at 0x000002B5022DBA00>
332,-37.5497,-7.6731925,3,O=C1C(O)=C(C2=CNC3=C2C=CC=C3)C(C4=CC=CC=C4)N1CCCN5C=NC=C5,7.397940009,<rdkit.Chem.rdchem.Mol object at 0x000002B5022DBA70>
333,-34.809944,-6.9545293,3,O=C1C(O)=C(C2=CNC3=C2C=CC=C3)C(C4OC=CCC4)N1CCCN5C=NC=C5,7.397940009,<rdkit.Chem.rdchem.Mol object at 0x000002B5022DBAE0>
334,-36.597916,-7.761788,3,O=C1C(O)=C(C2=CNC3=C2C=CC=C3)C(C4=CC=CC=N4)N1CCCN5C=NC=C5,7.397940009,<rdkit.Chem.rdchem.Mol object at 0x000002B5022DBB50>
335,-37.452667,-7.8587217,3,O=C1C(O)=C(C2=CNC3=C2C=CC=C3)C(C4=CC=NC=C4)N1CCCN5C=NC=C5,7.397940009,<rdkit.Chem.rdchem.Mol object at 0x000002B5022DBBC0>
336,-38.005962,-7.316766,3,O=C1C(O)=C(C2=CNC3=C2C=CC=C3)C(C4=CC=CC(Cl)=C4)N1CCCN5C=NC=C5,7.397940009,<rdkit.Chem.rdchem.Mol object at 0x000002B5022DBC30>
337,-36.902023,-6.8489304,3,O=C1C(O)=C(C2=CNC3=C2C=CC=C3)C(C4=CC=CC=C4F)N1CCCN5C=NC=C5,7.397940009,<rdkit.Chem.rdchem.Mol object at 0x000002B5022DBCA0>
338,-37.180443,-1.9156487,3,O=C1C(O)=C(C2=CC=C(O)C=C2)C(C3=C(O)C(Cl)=CC(Cl)=C3)N1CCCN4C=NC=C4,7.397940009,<rdkit.Chem.rdchem.Mol object at 0x000002B5022DBD10>
339,-40.5432,-2.7452557,3,O=C1C(O)=C(C2=CC=C(O)C=C2)C(C3=CC=C(C)C=C3)N1CCCN4C=NC=C4,7.397940009,<rdkit.Chem.rdchem.Mol object at 0x000002B5022DBD80>
340,-37.12468,1.0826898,3,O=C1C(O)=C(C2=CC=C(O)C=C2)C(CCC)N1CCCN3C=NC=C3,7.397940009,<rdkit.Chem.rdchem.Mol object at 0x000002B5022DBDF0>
341,-39.110214,-2.052478,3,O=C1C(O)=C(C2=CC=C(O)C=C2)C(C3=NNC=C3)N1CCCN4C=NC=C4,7.397940009,<rdkit.Chem.rdchem.Mol object at 0x000002B5022DBE60>
342,-39.76534,-1.1218386,3,O=C1C(O)=C(C2=CC=C(O)C=C2)C(C3=CC=C(C)O3)N1CCCN4C=NC=C4,7.397940009,<rdkit.Chem.rdchem.Mol object at 0x000002B5022DBED0>
343,-39.574413,-4.87691,3,O=C1C(O)=C(C2=CC=C(O)C=C2)C(C3=CC=C(NC=C4)C4=C3)N1CCCN5C=NC=C5,7.397940009,<rdkit.Chem.rdchem.Mol object at 0x000002B5022DBF40>
344,-40.860706,-2.530346,3,O=C1C(O)=C(C2=CC=C(O)C=C2)C(C3=CC=C(OC)C=C3)N1CCCN4C=NC=C4,7.397940009,<rdkit.Chem.rdchem.Mol object at 0x000002B570D934C0>
345,-38.207413,-2.5644748,3,O=C1C(O)=C(C2=CC=C(O)C=C2)C(C3=CC=CC=C3O)N1CCCN4C=NC=C4,7.397940009,<rdkit.Chem.rdchem.Mol object at 0x000002B570D93450>
346,-39.66879,-3.3396158,3,O=C1C(O)=C(C2=CC=C(O)C=C2)C(C3=CC=C(C)C(C)=C3)N1CCCN4C=NC=C4,7.397940009,<rdkit.Chem.rdchem.Mol object at 0x000002B570D933E0>
347,-37.128597,1.3629342,3,O=C1C(O)=C(C2=CC=C(O)C=C2)C(CCCCC)N1CCCN3C=NC=C3,7.397940009,<rdkit.Chem.rdchem.Mol object at 0x000002B570D93370>
348,-40.114067,-2.552033,3,O=C1C(O)=C(C2=CC=C(O)C=C2)C(C3=CC=CC=C3)N1CCCN4C=NC=C4,7.397940009,<rdkit.Chem.rdchem.Mol object at 0x000002B570D93300>
349,-34.352707,-6.049679,3,O=C1C(O)=C(C2=CC=C(O)C=C2)C(C3OC=CCC3)N1CCCN4C=NC=C4,7.397940009,<rdkit.Chem.rdchem.Mol object at 0x000002B570D93290>
350,-36.50188,-3.680498,3,O=C1C(O)=C(C2=CC=C(O)C=C2)C(C3=CNC4=C3C=CC(C)=C4)N1CCCN5C=NC=C5,7.397940009,<rdkit.Chem.rdchem.Mol object at 0x000002B570D93220>
351,-37.038525,-4.2948456,3,O=C1C(O)=C(C2=CC=C(O)C=C2)C(C3=CNC4=C3C=CC=C4)N1CCCN5C=NC=C5,7.397940009,<rdkit.Chem.rdchem.Mol object at 0x000002B570D931B0>
352,-37.659412,3.2376137,3,O=C1C(O)=C(C2=CC=C(O)C=C2)C(CC3=CC=CC=C3)N1CCCN4C=NC=C4,7.397940009,<rdkit.Chem.rdchem.Mol object at 0x000002B570D93140>
353,-38.784847,-1.5325582,3,O=C1C(O)=C(C2=CC=C(O)C=C2)C(C3=CC=CS3)N1CCCN4C=NC=C4,7.397940009,<rdkit.Chem.rdchem.Mol object at 0x000002B570D930D0>
354,-39.771103,-0.6795071,3,O=C1C(O)=C(C2=CC=C(O)C=C2)C(C3=CC=CO3)N1CCCN4C=NC=C4,7.397940009,<rdkit.Chem.rdchem.Mol object at 0x000002B570D93060>
355,-35.085907,-5.199627,3,O=C1C(O)=C(C2=CC=C(O)C=C2)C(C3CC3)N1CCCN4C=NC=C4,7.397940009,<rdkit.Chem.rdchem.Mol object at 0x000002B570D92FF0>
356,-37.226803,1.2554306,3,O=C1C(O)=C(C2=CC=C(O)C=C2)C(CCCC)N1CCCN3C=NC=C3,7.397940009,<rdkit.Chem.rdchem.Mol object at 0x000002B570D92F80>
357,-39.589325,-3.5022185,3,O=C1C(O)=C(C2=CC=C(O)C=C2)C(C3=CC=CC(Cl)=C3)N1CCCN4C=NC=C4,7.397940009,<rdkit.Chem.rdchem.Mol object at 0x000002B570D92F10>
358,-38.043285,-2.816128,3,O=C1C(O)=C(C2=CC=C(O)C=C2)C(C3=CC=CC=C3F)N1CCCN4C=NC=C4,7.397940009,<rdkit.Chem.rdchem.Mol object at 0x000002B570D92EA0>
359,-40.108406,-2.633091,3,O=C1C(O)=C(C2=CC=C(O)C=C2)C(C3=CC=C(O)C=C3)N1CCCN4C=NC=C4,7.397940009,<rdkit.Chem.rdchem.Mol object at 0x000002B570D92E30>
360,-40.012222,-3.7160609,3,O=C1C(O)=C(C2=CC=C(O)C=C2)C(C3=CC=CC(O)=C3)N1CCCN4C=NC=C4,7.397940009,<rdkit.Chem.rdchem.Mol object at 0x000002B570D92DC0>
361,-32.816635,-2.0032616,3,O=C1C(O)=C(CCCCC)C(C2=CC(Cl)=CC(Cl)=C2O)N1CCCN3C=NC=C3,7.397940009,<rdkit.Chem.rdchem.Mol object at 0x000002B570D92D50>
362,-30.801352,-0.9177563,3,O=C1C(O)=C(CCCCC)C(C2=CC=C(C)C=C2)N1CCCN3C=NC=C3,7.397940009,<rdkit.Chem.rdchem.Mol object at 0x000002B570D92CE0>
363,-34.304134,2.3727367,3,O=C1C(O)=C(CCCCC)C(CCC)N1CCCN2C=NC=C2,7.397940009,<rdkit.Chem.rdchem.Mol object at 0x000002B570D92C70>
364,-30.780012,0.5992047,3,O=C1C(O)=C(CCCCC)C(C2=CC=C(C)O2)N1CCCN3C=NC=C3,7.397940009,<rdkit.Chem.rdchem.Mol object at 0x000002B570D92C00>
365,-30.330925,-3.3064075,3,O=C1C(O)=C(CCCCC)C(C2=CC=C(NC=C3)C3=C2)N1CCCN4C=NC=C4,7.397940009,<rdkit.Chem.rdchem.Mol object at 0x000002B570D92B90>
366,-31.427149,-1.522222,3,O=C1C(O)=C(CCCCC)C(C2=CC=C(OC)C=C2)N1CCCN3C=NC=C3,7.397940009,<rdkit.Chem.rdchem.Mol object at 0x000002B570D92B20>
367,-33.15235,-1.3455857,3,O=C1C(O)=C(CCCCC)C(C2=CC=CC=C2O)N1CCCN3C=NC=C3,7.397940009,<rdkit.Chem.rdchem.Mol object at 0x000002B570D92AB0>
368,-30.115719,-1.3732756,3,O=C1C(O)=C(CCCCC)C(C2=CC=C(C)C(C)=C2)N1CCCN3C=NC=C3,7.397940009,<rdkit.Chem.rdchem.Mol object at 0x000002B570D92A40>
369,-34.393955,2.410771,3,O=C1C(O)=C(CCCCC)C(CCCCC)N1CCCN2C=NC=C2,7.397940009,<rdkit.Chem.rdchem.Mol object at 0x000002B570D929D0>
370,-31.771557,1.5458869,3,O=C1C(O)=C(CCCCC)C(C)N1CCCN2C=NC=C2,7.397940009,<rdkit.Chem.rdchem.Mol object at 0x000002B570D92960>
371,-30.646278,0.6548892,3,O=C1C(O)=C(CCCCC)C(C2=CC=C(CO)O2)N1CCCN3C=NC=C3,7.397940009,<rdkit.Chem.rdchem.Mol object at 0x000002B570D928F0>
372,-31.42668,-0.9811958,3,O=C1C(O)=C(CCCCC)C(C2=CC=CC=C2)N1CCCN3C=NC=C3,7.397940009,<rdkit.Chem.rdchem.Mol object at 0x000002B570D92880>
373,-33.13446,-5.7079864,3,O=C1C(O)=C(CCCCC)C(C2OC=CCC2)N1CCCN3C=NC=C3,7.397940009,<rdkit.Chem.rdchem.Mol object at 0x000002B570D92810>
374,-33.544643,-2.916603,3,O=C1C(O)=C(CCCCC)C(C2=CNC3=C2C=CC(C)=C3)N1CCCN4C=NC=C4,7.397940009,<rdkit.Chem.rdchem.Mol object at 0x000002B570D927A0>
375,-33.909683,-2.8481991,3,O=C1C(O)=C(CCCCC)C(C2=CNC3=C2C=CC=C3)N1CCCN4C=NC=C4,7.397940009,<rdkit.Chem.rdchem.Mol object at 0x000002B570D92730>
376,-32.17538,2.554202,3,O=C1C(O)=C(CCCCC)C(C(F)(F)F)N1CCCN2C=NC=C2,7.397940009,<rdkit.Chem.rdchem.Mol object at 0x000002B570D926C0>
377,-31.333967,-0.8186667,3,O=C1C(O)=C(CCCCC)C(C2=CC=NC=C2)N1CCCN3C=NC=C3,7.397940009,<rdkit.Chem.rdchem.Mol object at 0x000002B570D92650>
378,-32.604877,-0.10192999,3,O=C1C(O)=C(CCCCC)C(C2=CC=CS2)N1CCCN3C=NC=C3,7.397940009,<rdkit.Chem.rdchem.Mol object at 0x000002B570D925E0>
379,-31.081335,0.4256673,3,O=C1C(O)=C(CCCCC)C(C2=CC=CO2)N1CCCN3C=NC=C3,7.397940009,<rdkit.Chem.rdchem.Mol object at 0x000002B570D92570>
380,-30.738735,-2.0813487,3,O=C1C(O)=C(CCCCC)C(C2=CC=CC(Cl)=C2)N1CCCN3C=NC=C3,7.397940009,<rdkit.Chem.rdchem.Mol object at 0x000002B570D92500>
381,-32.930927,-1.4396396,3,O=C1C(O)=C(CCCCC)C(C2=CC=CC=C2F)N1CCCN3C=NC=C3,7.397940009,<rdkit.Chem.rdchem.Mol object at 0x000002B570D92490>
382,-31.027231,-0.9991062,3,O=C1C(O)=C(CCCCC)C(C2=CC=C(O)C=C2)N1CCCN3C=NC=C3,7.397940009,<rdkit.Chem.rdchem.Mol object at 0x000002B570D92420>
383,-30.485672,-1.7662892,3,O=C1C(O)=C(CCCCC)C(C2=CC=CC(O)=C2)N1CCCN3C=NC=C3,7.397940009,<rdkit.Chem.rdchem.Mol object at 0x000002B570D923B0>
384,-32.903847,2.1322327,3,O=C1C(O)=C(CC)C(C(O)CO)N1CCCN2C=NC=C2,7.397940009,<rdkit.Chem.rdchem.Mol object at 0x000002B570D92340>
385,-30.62998,-3.930531,3,O=C1C(O)=C(CC)C(C2=CC=C(NC=C3)C3=C2)N1CCCN4C=NC=C4,7.397940009,<rdkit.Chem.rdchem.Mol object at 0x000002B570D922D0>
386,-31.859293,-2.5266871,3,O=C1C(O)=C(CC)C(C2=CC=C(OC)C=C2)N1CCCN3C=NC=C3,7.397940009,<rdkit.Chem.rdchem.Mol object at 0x000002B570D92260>
387,-33.775135,-1.1258242,3,O=C1C(O)=C(CC)C(C2=CC=CC=C2O)N1CCCN3C=NC=C3,7.397940009,<rdkit.Chem.rdchem.Mol object at 0x000002B570D921F0>
388,-33.58604,0.43695253,3,O=C1C(O)=C(CC)C(C2=CCCCC2)N1CCCN3C=NC=C3,7.397940009,<rdkit.Chem.rdchem.Mol object at 0x000002B570D92180>
389,-34.380417,-2.9223685,3,O=C1C(O)=C(CC)C(C2=CNC3=C2C=CC=C3)N1CCCN4C=NC=C4,7.397940009,<rdkit.Chem.rdchem.Mol object at 0x000002B570D92110>
390,-32.371704,2.5561266,3,O=C1C(O)=C(CC)C(C(F)(F)F)N1CCCN2C=NC=C2,7.397940009,<rdkit.Chem.rdchem.Mol object at 0x000002B570D920A0>
391,-33.13773,0.08191731,3,O=C1C(O)=C(CC)C(C2=CC=CS2)N1CCCN3C=NC=C3,7.397940009,<rdkit.Chem.rdchem.Mol object at 0x000002B570D92030>
392,-31.382523,-2.883362,3,O=C1C(O)=C(CC)C(C2=CC=CC(Cl)=C2)N1CCCN3C=NC=C3,7.397940009,<rdkit.Chem.rdchem.Mol object at 0x000002B570D91FC0>
